Date,Open,High,Low,Close,Volume,Market Cap
2015/1/5,265.08 ,278.34 ,265.08 ,274.47 ,43962800.00 ,3758098008.00 
2015/1/6,274.61 ,287.55 ,272.70 ,286.19 ,23245700.00 ,3919623080.00 
2015/1/7,286.08 ,298.75 ,283.08 ,294.34 ,24866800.00 ,4032255015.00 
2015/1/8,294.14 ,294.14 ,282.17 ,283.35 ,19982500.00 ,3882766766.00 
2015/1/9,282.38 ,291.11 ,280.53 ,290.41 ,18718600.00 ,3980426431.00 
2015/1/12,266.15 ,272.20 ,265.20 ,267.80 ,18880300.00 ,3673551884.00 
2015/1/13,267.39 ,268.28 ,219.91 ,225.86 ,72843904.00 ,3099004902.00 
2015/1/14,223.89 ,223.89 ,171.51 ,178.10 ,97638704.00 ,2444379076.00 
2015/1/15,176.90 ,229.07 ,176.90 ,209.84 ,81773504.00 ,2880801385.00 
2015/1/16,209.07 ,221.59 ,199.77 ,208.10 ,38421000.00 ,2857541182.00 
2015/1/19,211.47 ,216.73 ,207.32 ,214.86 ,18658300.00 ,2952759522.00 
2015/1/20,212.91 ,215.24 ,205.15 ,211.32 ,24051100.00 ,2904651464.00 
2015/1/21,211.38 ,227.79 ,211.21 ,226.90 ,29924600.00 ,3119680595.00 
2015/1/22,227.32 ,237.02 ,226.43 ,233.41 ,33544600.00 ,3209962696.00 
2015/1/23,233.52 ,234.85 ,225.20 ,232.88 ,24621700.00 ,3203436948.00 
2015/1/26,254.08 ,309.38 ,254.08 ,273.47 ,106794000.00 ,3764417376.00 
2015/1/27,273.17 ,275.48 ,250.65 ,263.48 ,44399000.00 ,3627760928.00 
2015/1/28,263.35 ,266.54 ,227.05 ,233.91 ,44352200.00 ,3221728839.00 
2015/1/29,233.35 ,238.71 ,220.71 ,233.51 ,32213400.00 ,3217149466.00 
2015/1/30,232.77 ,242.85 ,225.84 ,226.43 ,26605200.00 ,3120272355.00 
2015/2/2,226.49 ,242.18 ,222.66 ,238.23 ,30612100.00 ,3285797305.00 
2015/2/3,237.45 ,245.96 ,224.48 ,227.27 ,40783700.00 ,3135343874.00 
2015/2/4,227.51 ,230.06 ,221.11 ,226.85 ,26594300.00 ,3130520358.00 
2015/2/5,227.66 ,239.40 ,214.73 ,217.11 ,22516400.00 ,2996945966.00 
2015/2/6,216.92 ,230.51 ,216.23 ,222.27 ,24435300.00 ,3069076711.00 
2015/2/9,223.39 ,223.98 ,217.02 ,220.11 ,27791300.00 ,3041799140.00 
2015/2/10,220.28 ,221.81 ,215.33 ,219.84 ,21115100.00 ,3038850985.00 
2015/2/11,219.73 ,223.41 ,218.07 ,219.18 ,17201900.00 ,3030676475.00 
2015/2/12,219.21 ,222.20 ,217.61 ,221.76 ,15206200.00 ,3066996120.00 
2015/2/13,221.97 ,240.26 ,221.26 ,235.43 ,42744400.00 ,3256814719.00 
2015/2/16,234.82 ,239.52 ,229.02 ,233.84 ,28153700.00 ,3237573873.00 
2015/2/17,233.42 ,245.77 ,232.31 ,243.61 ,27363100.00 ,3373706168.00 
2015/2/25,238.89 ,239.34 ,235.53 ,237.47 ,11496200.00 ,3295875814.00 
2015/2/26,237.34 ,237.71 ,234.26 ,236.43 ,13619400.00 ,3282272605.00 
2015/2/27,236.44 ,256.65 ,236.44 ,253.83 ,44013900.00 ,3524820596.00 
2015/3/2,260.36 ,276.30 ,258.31 ,275.67 ,40465700.00 ,3831178959.00 
2015/3/3,275.05 ,285.80 ,268.16 ,281.70 ,50461300.00 ,3916108523.00 
2015/3/4,281.99 ,284.23 ,268.13 ,273.09 ,41383000.00 ,3797385224.00 
2015/3/5,272.74 ,281.67 ,264.77 ,276.18 ,41302400.00 ,3841201000.00 
2015/3/6,275.60 ,277.61 ,270.02 ,272.72 ,28918900.00 ,3794156466.00 
2015/3/9,274.81 ,292.70 ,273.89 ,289.61 ,59178200.00 ,4032241702.00 
2015/3/10,289.86 ,300.04 ,289.74 ,291.76 ,67770800.00 ,4063305050.00 
2015/3/11,291.52 ,297.39 ,290.51 ,296.38 ,33963900.00 ,4128796573.00 
2015/3/12,296.13 ,297.09 ,292.41 ,294.35 ,32585200.00 ,4101535995.00 
2015/3/13,294.12 ,294.50 ,285.34 ,285.34 ,31421500.00 ,3976948638.00 
2015/3/16,285.68 ,294.11 ,285.68 ,290.59 ,21516100.00 ,4053198429.00 
2015/3/17,290.60 ,292.36 ,284.37 ,285.51 ,21497200.00 ,3983144494.00 
2015/3/18,285.07 ,285.34 ,249.87 ,256.30 ,57008000.00 ,3576671767.00 
2015/3/19,255.88 ,264.24 ,248.64 ,260.93 ,52732000.00 ,3642156965.00 
2015/3/20,260.96 ,264.85 ,259.16 ,261.75 ,18456700.00 ,3654506819.00 
2015/3/23,267.89 ,277.30 ,261.74 ,266.74 ,22811900.00 ,3727111341.00 
2015/3/24,266.58 ,267.00 ,244.15 ,245.60 ,40073700.00 ,3432718154.00 
2015/3/25,247.47 ,249.19 ,236.51 ,246.20 ,35866900.00 ,3442129496.00 
2015/3/26,246.28 ,254.35 ,244.90 ,248.53 ,25730000.00 ,3475701380.00 
2015/3/27,248.57 ,256.81 ,245.21 ,247.03 ,17274900.00 ,3455731911.00 
2015/3/30,242.88 ,249.24 ,239.21 ,247.53 ,23009600.00 ,3465419693.00 
2015/3/31,247.45 ,248.73 ,242.74 ,244.22 ,22672000.00 ,3420112896.00 
2015/4/1,244.22 ,247.54 ,241.16 ,247.27 ,22877200.00 ,3463619267.00 
2015/4/2,247.09 ,254.46 ,245.42 ,253.01 ,26272600.00 ,3544973232.00 
2015/4/3,253.07 ,256.04 ,251.88 ,254.32 ,23146600.00 ,3564354620.00 
2015/4/7,255.27 ,255.80 ,252.21 ,253.18 ,18467400.00 ,3552014128.00 
2015/4/8,253.06 ,253.85 ,244.21 ,245.02 ,30086400.00 ,3438326345.00 
2015/4/9,244.75 ,246.12 ,239.40 ,243.68 ,21643500.00 ,3420248520.00 
2015/4/10,243.69 ,243.69 ,232.77 ,236.07 ,28882000.00 ,3314409567.00 
2015/4/13,235.95 ,236.93 ,222.00 ,224.59 ,31181800.00 ,3155548414.00 
2015/4/14,224.76 ,224.98 ,216.32 ,219.16 ,31719000.00 ,3080098939.00 
2015/4/15,219.07 ,223.83 ,218.65 ,223.83 ,22562000.00 ,3146465248.00 
2015/4/16,223.92 ,229.67 ,223.92 ,228.57 ,24805400.00 ,3213884952.00 
2015/4/17,228.57 ,228.91 ,221.94 ,222.88 ,20429800.00 ,3134573444.00 
2015/4/20,222.61 ,226.35 ,221.98 ,224.63 ,18364700.00 ,3161599719.00 
2015/4/21,224.62 ,235.27 ,224.30 ,235.27 ,24978000.00 ,3312299315.00 
2015/4/22,235.60 ,237.91 ,233.48 ,234.18 ,23847900.00 ,3297795229.00 
2015/4/23,234.05 ,236.48 ,233.20 ,236.46 ,17036000.00 ,3330762351.00 
2015/4/24,235.97 ,236.30 ,229.93 ,231.27 ,21448700.00 ,3258311725.00 
2015/4/27,219.43 ,233.30 ,218.02 ,229.29 ,38574000.00 ,3232938332.00 
2015/4/28,228.97 ,229.49 ,223.07 ,225.85 ,21469200.00 ,3185425042.00 
2015/4/29,225.59 ,227.04 ,223.43 ,225.81 ,18936500.00 ,3185479101.00 
2015/4/30,225.69 ,239.56 ,224.99 ,236.15 ,33818600.00 ,3332094504.00 
2015/5/4,240.36 ,242.64 ,237.81 ,239.02 ,21223400.00 ,3375997790.00 
2015/5/5,238.85 ,239.20 ,232.05 ,236.12 ,23929100.00 ,3335976518.00 
2015/5/6,236.25 ,236.45 ,229.23 ,229.78 ,29587200.00 ,3247353903.00 
2015/5/7,229.66 ,239.10 ,228.57 ,237.33 ,29064400.00 ,3354923757.00 
2015/5/8,237.20 ,246.27 ,236.27 ,243.86 ,27445500.00 ,3448119178.00 
2015/5/11,240.30 ,244.27 ,239.38 ,242.16 ,20892300.00 ,3426529646.00 
2015/5/12,242.15 ,242.88 ,240.10 ,241.11 ,19282600.00 ,3412644998.00 
2015/5/13,241.40 ,243.70 ,235.04 ,236.38 ,27180100.00 ,3346584200.00 
2015/5/14,236.21 ,237.80 ,234.06 ,236.93 ,24413700.00 ,3355311496.00 
2015/5/15,236.96 ,238.75 ,236.79 ,237.60 ,16329400.00 ,3365752047.00 
2015/5/18,236.89 ,237.21 ,232.46 ,233.13 ,16780300.00 ,3304944920.00 
2015/5/19,233.04 ,234.15 ,231.82 ,231.95 ,14241900.00 ,3288950473.00 
2015/5/20,231.89 ,234.68 ,231.84 ,234.02 ,15499400.00 ,3319170901.00 
2015/5/21,234.02 ,236.24 ,233.84 ,235.34 ,15108900.00 ,3338890048.00 
2015/5/22,235.32 ,240.97 ,235.06 ,240.35 ,27003000.00 ,3410712372.00 
2015/5/25,240.93 ,241.02 ,236.64 ,237.11 ,14423900.00 ,3367127977.00 
2015/5/26,237.10 ,238.24 ,235.69 ,237.12 ,16425000.00 ,3368066799.00 
2015/5/27,237.07 ,238.64 ,236.70 ,237.28 ,18837000.00 ,3371257543.00 
2015/5/28,237.26 ,237.82 ,236.65 ,237.41 ,13829600.00 ,3373816958.00 
2015/5/29,237.38 ,237.52 ,235.73 ,237.10 ,14805000.00 ,3370295930.00 
2015/6/1,230.23 ,231.71 ,221.30 ,222.93 ,26090500.00 ,3171172508.00 
2015/6/2,222.89 ,226.42 ,222.42 ,225.80 ,20459000.00 ,3212962177.00 
2015/6/3,225.74 ,227.40 ,223.93 ,225.87 ,17752400.00 ,3214774292.00 
2015/6/4,225.77 ,226.58 ,224.05 ,224.32 ,14728100.00 ,3193504505.00 
2015/6/5,224.15 ,225.97 ,223.18 ,224.95 ,18056500.00 ,3203220875.00 
2015/6/8,222.88 ,229.46 ,222.84 ,228.49 ,23378400.00 ,3256350969.00 
2015/6/9,228.54 ,230.95 ,227.93 ,229.05 ,28353100.00 ,3265176585.00 
2015/6/10,228.99 ,229.78 ,228.01 ,228.80 ,15904800.00 ,3262644979.00 
2015/6/11,228.85 ,230.29 ,228.77 ,229.71 ,14416000.00 ,3276293900.00 
2015/6/12,229.71 ,231.06 ,229.31 ,229.98 ,14017700.00 ,3281061201.00 
2015/6/15,233.42 ,237.84 ,233.42 ,236.82 ,19912100.00 ,3381329191.00 
2015/6/16,236.76 ,251.74 ,236.12 ,250.90 ,41612000.00 ,3582987588.00 
2015/6/17,250.82 ,256.85 ,246.48 ,249.28 ,43858400.00 ,3560953387.00 
2015/6/18,249.43 ,252.11 ,244.13 ,249.01 ,30980200.00 ,3557986321.00 
2015/6/19,249.04 ,250.98 ,243.79 ,244.61 ,23965300.00 ,3495994564.00 
2015/6/23,246.93 ,247.30 ,243.13 ,244.30 ,15108700.00 ,3494929113.00 
2015/6/24,244.28 ,244.34 ,240.51 ,240.51 ,17344900.00 ,3441763637.00 
2015/6/25,240.37 ,243.33 ,240.37 ,242.80 ,16133100.00 ,3475370256.00 
2015/6/26,242.60 ,243.75 ,241.55 ,243.59 ,13983500.00 ,3487699724.00 
2015/6/29,248.72 ,257.17 ,248.58 ,257.06 ,34742900.00 ,3683193712.00 
2015/6/30,257.04 ,267.87 ,255.95 ,263.07 ,44533800.00 ,3770229522.00 
2015/7/1,263.35 ,265.17 ,255.77 ,258.62 ,27029800.00 ,3707306173.00 
2015/7/2,258.55 ,261.63 ,254.12 ,255.41 ,21551900.00 ,3662295200.00 
2015/7/3,255.46 ,257.08 ,253.51 ,256.34 ,19033800.00 ,3676575981.00 
2015/7/6,271.11 ,277.42 ,267.60 ,269.03 ,49154800.00 ,3861831490.00 
2015/7/7,269.96 ,271.34 ,264.83 ,266.21 ,28857600.00 ,3822200106.00 
2015/7/8,265.98 ,272.97 ,264.39 ,270.79 ,36980200.00 ,3889020940.00 
2015/7/9,270.83 ,272.33 ,267.09 ,269.23 ,40301200.00 ,3867547719.00 
2015/7/10,269.16 ,294.59 ,268.80 ,284.89 ,100390000.00 ,4093705987.00 
2015/7/13,310.83 ,310.95 ,281.01 ,292.05 ,62053900.00 ,4199736520.00 
2015/7/14,292.03 ,296.15 ,286.64 ,287.46 ,28727200.00 ,4134767190.00 
2015/7/15,288.05 ,293.25 ,285.37 ,285.83 ,27486600.00 ,4112343300.00 
2015/7/16,286.04 ,291.18 ,275.24 ,278.09 ,49482600.00 ,4001916229.00 
2015/7/17,278.09 ,280.28 ,272.04 ,279.47 ,27591400.00 ,4022845730.00 
2015/7/20,273.50 ,278.98 ,272.96 ,278.98 ,22711400.00 ,4018965413.00 
2015/7/21,278.88 ,280.55 ,275.42 ,275.83 ,22930700.00 ,3974491489.00 
2015/7/22,275.66 ,277.67 ,274.38 ,277.22 ,19389800.00 ,3995572964.00 
2015/7/23,277.34 ,278.11 ,275.72 ,276.05 ,18531300.00 ,3979625902.00 
2015/7/24,276.01 ,289.25 ,275.25 ,288.28 ,37199400.00 ,4157148934.00 
2015/7/27,292.64 ,297.77 ,287.45 ,293.62 ,30592000.00 ,4237522843.00 
2015/7/28,293.63 ,296.65 ,293.42 ,294.43 ,25453600.00 ,4250112630.00 
2015/7/29,294.48 ,294.54 ,288.78 ,289.59 ,24672600.00 ,4181390010.00 
2015/7/30,289.10 ,290.13 ,286.57 ,287.72 ,21635800.00 ,4155381827.00 
2015/7/31,287.70 ,288.96 ,282.34 ,284.65 ,23629100.00 ,4112089481.00 
2015/8/3,282.81 ,285.47 ,280.23 ,281.23 ,21474100.00 ,4065895598.00 
2015/8/4,281.23 ,285.71 ,281.23 ,285.22 ,21908700.00 ,4124558889.00 
2015/8/5,284.85 ,285.50 ,281.49 ,281.88 ,20128000.00 ,4077254001.00 
2015/8/6,281.91 ,281.91 ,278.40 ,278.58 ,18792100.00 ,4030445072.00 
2015/8/7,278.74 ,280.39 ,276.37 ,279.58 ,42484800.00 ,4045993359.00 
2015/8/10,265.48 ,267.03 ,262.60 ,264.47 ,20979400.00 ,3830352069.00 
2015/8/11,264.34 ,270.39 ,264.09 ,270.39 ,25433900.00 ,3917142819.00 
2015/8/12,270.60 ,270.67 ,265.47 ,266.38 ,26815400.00 ,3859888131.00 
2015/8/13,266.18 ,266.23 ,262.84 ,264.08 ,27685500.00 ,3827588724.00 
2015/8/14,264.13 ,267.47 ,261.48 ,265.68 ,27091200.00 ,3851715726.00 
2015/8/17,258.49 ,260.51 ,257.12 ,257.98 ,21617900.00 ,3742748055.00 
2015/8/18,257.93 ,257.99 ,211.08 ,211.08 ,42147200.00 ,3063104570.00 
2015/8/19,225.67 ,237.41 ,222.77 ,226.68 ,60869200.00 ,3290448603.00 
2015/8/20,226.90 ,237.37 ,226.90 ,235.35 ,32275000.00 ,3417123139.00 
2015/8/21,235.35 ,236.43 ,231.72 ,232.57 ,23173800.00 ,3377704243.00 
2015/8/24,228.11 ,228.14 ,210.44 ,210.49 ,59220700.00 ,3059460627.00 
2015/8/25,210.07 ,226.32 ,199.57 ,221.61 ,61089200.00 ,3221751642.00 
2015/8/26,222.08 ,231.18 ,220.20 ,225.83 ,31808000.00 ,3284040048.00 
2015/8/27,226.05 ,228.64 ,223.68 ,224.77 ,21905400.00 ,3269360632.00 
2015/8/28,224.70 ,235.22 ,220.93 ,231.40 ,31336600.00 ,3366649823.00 
2015/8/31,229.11 ,231.96 ,225.91 ,230.06 ,20710700.00 ,3349845416.00 
2015/9/1,230.26 ,231.22 ,226.86 ,228.12 ,20575200.00 ,3322548147.00 
2015/9/2,228.03 ,230.58 ,226.48 ,229.28 ,18760400.00 ,3340404203.00 
2015/9/7,239.93 ,242.11 ,238.72 ,239.85 ,21192200.00 ,3498762116.00 
2015/9/8,239.85 ,245.78 ,239.68 ,243.61 ,26879200.00 ,3554439286.00 
2015/9/9,243.41 ,244.42 ,237.82 ,238.17 ,23635700.00 ,3475960739.00 
2015/9/10,238.34 ,241.29 ,235.79 ,238.48 ,21215500.00 ,3481466104.00 
2015/9/11,238.33 ,241.17 ,238.33 ,240.11 ,19224700.00 ,3506204486.00 
2015/9/14,230.61 ,232.44 ,227.96 ,230.64 ,20997800.00 ,3370579521.00 
2015/9/15,230.49 ,259.18 ,229.82 ,230.30 ,19177800.00 ,3366532054.00 
2015/9/16,230.25 ,231.21 ,227.40 ,229.09 ,20144200.00 ,3349613966.00 
2015/9/17,229.08 ,230.29 ,228.93 ,229.81 ,18935400.00 ,3360247349.00 
2015/9/18,233.52 ,234.35 ,232.18 ,232.98 ,20242200.00 ,3408098085.00 
2015/9/21,231.22 ,231.22 ,226.52 ,227.09 ,19678800.00 ,3324121324.00 
2015/9/22,226.97 ,232.39 ,225.12 ,230.62 ,25009300.00 ,3376737583.00 
2015/9/23,230.94 ,231.84 ,229.59 ,230.28 ,17254100.00 ,3372747846.00 
2015/9/24,230.36 ,235.65 ,230.29 ,234.53 ,25097800.00 ,3435744312.00 
2015/9/25,234.36 ,237.43 ,233.68 ,235.14 ,22363600.00 ,3445723754.00 
2015/9/28,232.84 ,239.34 ,232.47 ,239.14 ,24713000.00 ,3506933730.00 
2015/9/29,239.02 ,239.80 ,235.93 ,236.69 ,22691300.00 ,3471967520.00 
2015/9/30,236.64 ,237.73 ,235.63 ,236.06 ,19743500.00 ,3463625759.00 
2015/10/8,243.07 ,244.25 ,242.18 ,242.30 ,18515300.00 ,3562238314.00 
2015/10/9,242.50 ,244.23 ,242.12 ,243.93 ,17353100.00 ,3586932176.00 
2015/10/12,246.88 ,247.45 ,245.18 ,245.31 ,17388300.00 ,3609927997.00 
2015/10/13,245.20 ,250.24 ,243.76 ,249.51 ,28198500.00 ,3672589342.00 
2015/10/14,249.49 ,254.27 ,248.90 ,251.99 ,27462600.00 ,3710065546.00 
2015/10/15,252.11 ,255.96 ,252.05 ,254.32 ,25223500.00 ,3745440578.00 
2015/10/16,254.30 ,266.14 ,253.93 ,262.87 ,35901500.00 ,3872283809.00 
2015/10/19,261.86 ,264.82 ,260.95 ,263.44 ,25258800.00 ,3883581668.00 
2015/10/20,263.57 ,270.83 ,263.23 ,269.46 ,30889800.00 ,3973292564.00 
2015/10/21,269.31 ,270.77 ,263.84 ,266.27 ,25637300.00 ,3927192474.00 
2015/10/22,266.50 ,276.51 ,266.14 ,274.02 ,37808600.00 ,4042524308.00 
2015/10/23,273.65 ,278.68 ,273.54 ,276.50 ,29442500.00 ,4080023363.00 
2015/10/26,283.63 ,285.30 ,280.51 ,285.30 ,32108800.00 ,4213260473.00 
2015/10/27,285.18 ,296.21 ,285.01 ,293.79 ,46331800.00 ,4339689442.00 
2015/10/28,293.70 ,306.33 ,293.70 ,304.62 ,50808100.00 ,4500730950.00 
2015/10/29,304.32 ,318.17 ,301.82 ,313.86 ,64495900.00 ,4638392428.00 
2015/10/30,313.94 ,334.17 ,313.94 ,328.02 ,78305000.00 ,4849062146.00 
2015/11/2,325.94 ,365.36 ,323.21 ,361.19 ,101918000.00 ,5343556482.00 
2015/11/3,361.87 ,417.90 ,357.65 ,403.42 ,206162000.00 ,5969855535.00 
2015/11/4,403.66 ,495.56 ,380.55 ,411.56 ,263900000.00 ,6092006971.00 
2015/11/5,408.08 ,447.56 ,374.58 ,386.35 ,151824992.00 ,5720251077.00 
2015/11/6,388.05 ,395.84 ,354.02 ,374.47 ,122687000.00 ,5545657295.00 
2015/11/9,374.32 ,385.28 ,362.89 ,380.26 ,68224400.00 ,5635560843.00 
2015/11/10,379.98 ,381.39 ,329.11 ,336.82 ,95797904.00 ,4993021697.00 
2015/11/11,339.82 ,340.58 ,301.00 ,311.08 ,107070000.00 ,4612831323.00 
2015/11/12,314.08 ,345.08 ,313.36 ,338.15 ,78477800.00 ,5015563456.00 
2015/11/13,338.50 ,340.91 ,326.08 ,336.75 ,52003000.00 ,4996160115.00 
2015/11/16,319.73 ,331.63 ,315.90 ,330.75 ,47980100.00 ,4911040461.00 
2015/11/17,330.36 ,338.35 ,329.61 ,335.09 ,51001600.00 ,4976765824.00 
2015/11/18,334.59 ,336.53 ,330.64 ,334.59 ,43783800.00 ,4970560298.00 
2015/11/19,334.68 ,335.33 ,325.27 ,326.15 ,45011100.00 ,4846272452.00 
2015/11/20,326.41 ,326.47 ,312.22 ,322.02 ,53152900.00 ,4786301542.00 
2015/11/23,324.35 ,325.12 ,321.29 ,323.05 ,27478900.00 ,4805632296.00 
2015/11/24,323.01 ,323.06 ,318.12 ,320.05 ,29362600.00 ,4762244474.00 
2015/11/25,320.05 ,329.13 ,316.77 ,328.21 ,41666900.00 ,4884886822.00 
2015/11/26,328.30 ,366.76 ,328.23 ,352.68 ,106105000.00 ,5250750575.00 
2015/11/27,351.86 ,363.59 ,347.87 ,358.04 ,55179100.00 ,5331719786.00 
2015/11/30,371.44 ,382.36 ,370.38 ,377.32 ,71701600.00 ,5623195997.00 
2015/12/1,377.41 ,378.93 ,356.56 ,362.49 ,60452200.00 ,5403653927.00 
2015/12/2,361.85 ,362.23 ,349.46 ,359.19 ,54160500.00 ,5355891235.00 
2015/12/3,359.33 ,370.27 ,357.41 ,361.05 ,50714900.00 ,5384892776.00 
2015/12/4,361.26 ,363.52 ,355.76 ,363.18 ,35784100.00 ,5418154665.00 
2015/12/7,389.98 ,399.97 ,385.41 ,395.54 ,63455800.00 ,5905560136.00 
2015/12/8,395.75 ,415.56 ,389.95 ,415.56 ,57801400.00 ,6206381460.00 
2015/12/9,414.44 ,423.12 ,406.29 ,417.56 ,90917200.00 ,6238015413.00 
2015/12/10,417.99 ,419.51 ,411.55 ,415.48 ,52138900.00 ,6209105142.00 
2015/12/11,415.28 ,451.94 ,415.28 ,451.94 ,110944000.00 ,6755795193.00 
2015/12/14,433.27 ,447.14 ,430.46 ,444.18 ,130496000.00 ,6645395797.00 
2015/12/15,443.88 ,465.32 ,443.88 ,465.32 ,83121104.00 ,6963784692.00 
2015/12/16,465.21 ,465.21 ,443.85 ,454.93 ,107944000.00 ,6810202753.00 
2015/12/17,454.78 ,457.86 ,448.86 ,456.08 ,47978400.00 ,6829095335.00 
2015/12/18,455.85 ,465.18 ,454.94 ,463.62 ,60220100.00 ,6943912954.00 
2015/12/21,442.84 ,444.73 ,427.31 ,438.64 ,77639696.00 ,6574990256.00 
2015/12/22,437.44 ,443.69 ,435.52 ,436.57 ,50840400.00 ,6545633139.00 
2015/12/23,436.72 ,444.53 ,436.62 ,442.40 ,47161400.00 ,6634776277.00 
2015/12/24,443.09 ,458.46 ,443.08 ,454.98 ,57157200.00 ,6825070740.00 
2015/12/25,454.86 ,458.30 ,452.08 ,455.65 ,39078500.00 ,6836936569.00 
2015/12/28,423.34 ,429.77 ,418.48 ,422.28 ,49638600.00 ,6341733237.00 
2015/12/29,422.10 ,432.98 ,420.63 ,432.98 ,51596500.00 ,6504194854.00 
2015/12/30,433.30 ,434.39 ,422.08 ,426.62 ,46889400.00 ,6410381455.00 
2015/12/31,425.88 ,432.92 ,418.73 ,430.57 ,45996600.00 ,6471217491.00 
2016/1/4,430.06 ,434.52 ,429.08 ,433.09 ,38477500.00 ,6515713340.00 
2016/1/5,433.07 ,434.18 ,429.68 ,431.96 ,34522600.00 ,6500393256.00 
2016/1/6,431.86 ,431.86 ,426.34 ,429.11 ,34042500.00 ,6458942098.00 
2016/1/7,430.01 ,458.77 ,429.08 ,458.05 ,87562200.00 ,6896279078.00 
2016/1/8,457.54 ,462.93 ,447.94 ,453.23 ,56993000.00 ,6825700454.00 
2016/1/11,448.70 ,450.66 ,443.86 ,448.43 ,40450000.00 ,6758931030.00 
2016/1/12,448.18 ,448.18 ,435.69 ,435.69 ,115607000.00 ,6568800100.00 
2016/1/13,434.67 ,435.19 ,424.44 ,432.37 ,173888000.00 ,6520360056.00 
2016/1/14,432.29 ,433.32 ,427.85 ,430.31 ,43945500.00 ,6490638885.00 
2016/1/15,430.26 ,430.26 ,364.33 ,364.33 ,153351008.00 ,5496598039.00 
2016/1/18,381.73 ,388.10 ,376.67 ,387.17 ,54403900.00 ,5845656048.00 
2016/1/19,387.03 ,387.73 ,378.97 ,380.15 ,46819800.00 ,5740934168.00 
2016/1/20,379.74 ,425.27 ,376.60 ,420.23 ,121720000.00 ,6347836794.00 
2016/1/21,419.63 ,422.88 ,406.30 ,410.26 ,68338000.00 ,6198658815.00 
2016/1/22,409.75 ,410.41 ,375.28 ,382.49 ,91546600.00 ,5780764155.00 
2016/1/25,402.32 ,402.32 ,388.55 ,391.73 ,59062400.00 ,5925345408.00 
2016/1/26,392.00 ,397.77 ,390.58 ,392.15 ,58147000.00 ,5933372928.00 
2016/1/27,392.44 ,396.84 ,391.78 ,394.97 ,47424400.00 ,5977545745.00 
2016/1/28,395.15 ,395.50 ,379.73 ,380.29 ,59247900.00 ,5756710303.00 
2016/1/29,380.11 ,384.38 ,365.45 ,379.47 ,86125296.00 ,5745985821.00 
2016/2/1,369.35 ,378.07 ,367.96 ,373.06 ,51656700.00 ,5653747618.00 
2016/2/2,372.92 ,375.88 ,372.92 ,374.45 ,40378700.00 ,5676528707.00 
2016/2/3,374.65 ,374.95 ,368.05 ,369.95 ,45933400.00 ,5609971377.00 
2016/2/4,370.17 ,391.61 ,369.99 ,389.59 ,69285504.00 ,5909517630.00 
2016/2/5,388.90 ,391.09 ,385.57 ,386.55 ,43825000.00 ,5865136968.00 
2016/2/15,407.57 ,410.38 ,397.75 ,400.18 ,74070496.00 ,6089064891.00 
2016/2/16,401.43 ,408.95 ,401.43 ,407.49 ,73093104.00 ,6201590434.00 
2016/2/17,407.66 ,421.17 ,406.78 ,416.32 ,83193600.00 ,6337628174.00 
2016/2/18,416.57 ,426.00 ,415.64 ,422.37 ,76752600.00 ,6431547586.00 
2016/2/19,422.73 ,423.10 ,417.60 ,420.79 ,55711300.00 ,6408881658.00 
2016/2/22,438.99 ,439.05 ,432.92 ,437.75 ,85385200.00 ,6671673493.00 
2016/2/23,438.26 ,439.86 ,417.82 ,420.74 ,85244896.00 ,6413836323.00 
2016/2/24,420.96 ,425.55 ,413.91 ,424.95 ,67743696.00 ,6479395124.00 
2016/2/25,425.04 ,427.72 ,420.42 ,424.54 ,70798000.00 ,6474784226.00 
2016/2/26,424.63 ,432.15 ,421.62 ,432.15 ,61486000.00 ,6592327507.00 
2016/2/29,433.44 ,441.51 ,431.69 ,437.70 ,60694700.00 ,6681444705.00 
2016/3/1,437.92 ,439.65 ,432.32 ,435.12 ,74895800.00 ,6643686404.00 
2016/3/2,435.13 ,435.92 ,423.99 ,423.99 ,74955296.00 ,6475329604.00 
2016/3/3,423.91 ,425.37 ,419.41 ,421.65 ,100484000.00 ,6441066887.00 
2016/3/4,421.84 ,425.18 ,410.94 ,410.94 ,90856096.00 ,6279024638.00 
2016/3/7,407.76 ,415.92 ,406.31 ,414.32 ,85762400.00 ,6335164892.00 
2016/3/8,414.46 ,416.24 ,411.09 ,413.97 ,70311696.00 ,6331422309.00 
2016/3/9,413.89 ,416.03 ,411.61 ,414.86 ,70012304.00 ,6346735710.00 
2016/3/10,414.74 ,417.51 ,413.25 ,417.13 ,81022896.00 ,6383105414.00 
2016/3/11,417.24 ,423.93 ,417.01 ,421.69 ,73969696.00 ,6454555816.00 
2016/3/14,414.20 ,416.68 ,414.20 ,416.44 ,95259400.00 ,6378632901.00 
2016/3/15,416.39 ,418.13 ,414.98 ,416.83 ,66781700.00 ,6386304534.00 
2016/3/16,416.89 ,417.69 ,415.91 ,417.01 ,65185800.00 ,6390672724.00 
2016/3/17,417.89 ,421.00 ,417.89 ,420.62 ,83528600.00 ,6447467967.00 
2016/3/18,420.55 ,420.55 ,406.14 ,409.55 ,104940000.00 ,6279128504.00 
2016/3/21,413.42 ,413.42 ,410.38 ,413.31 ,61655400.00 ,6341110984.00 
2016/3/22,413.13 ,418.38 ,412.53 ,418.09 ,66813300.00 ,6416025151.00 
2016/3/23,418.16 ,419.27 ,417.36 ,418.04 ,61444200.00 ,6416845742.00 
2016/3/24,418.42 ,418.68 ,415.49 ,416.39 ,68346704.00 ,6393094869.00 
2016/3/25,416.51 ,418.08 ,415.56 ,417.18 ,52560000.00 ,6406608048.00 
2016/3/28,426.55 ,426.86 ,423.29 ,424.23 ,68522800.00 ,6519889575.00 
2016/3/29,424.30 ,426.20 ,412.68 ,416.52 ,75411504.00 ,6402954687.00 
2016/3/30,416.83 ,416.83 ,412.50 ,414.82 ,66034100.00 ,6378356002.00 
2016/3/31,415.26 ,418.37 ,415.26 ,416.73 ,60215200.00 ,6409062819.00 
2016/4/1,416.76 ,418.17 ,415.83 ,417.96 ,51235700.00 ,6429593619.00 
2016/4/5,421.02 ,424.26 ,420.61 ,424.03 ,60718000.00 ,6529351750.00 
2016/4/6,424.28 ,424.53 ,422.73 ,423.41 ,59091000.00 ,6521491709.00 
2016/4/7,423.62 ,423.66 ,420.52 ,422.74 ,57858600.00 ,6512693215.00 
2016/4/8,422.91 ,425.36 ,419.64 ,420.35 ,63454700.00 ,6477294354.00 
2016/4/11,421.87 ,422.74 ,420.53 ,422.48 ,50747500.00 ,6515321585.00 
2016/4/12,422.84 ,427.28 ,422.84 ,425.19 ,70728800.00 ,6558651418.00 
2016/4/13,425.63 ,426.66 ,422.92 ,423.73 ,69060400.00 ,6537929600.00 
2016/4/14,423.93 ,425.37 ,423.01 ,424.28 ,45281000.00 ,6548113819.00 
2016/4/15,424.43 ,429.93 ,424.43 ,429.71 ,54801500.00 ,6633436610.00 
2016/4/18,427.61 ,429.27 ,427.09 ,428.59 ,55670900.00 ,6620723761.00 
2016/4/19,428.70 ,436.02 ,428.10 ,435.51 ,52810500.00 ,6729223763.00 
2016/4/20,435.32 ,443.05 ,434.41 ,441.39 ,72890096.00 ,6821898724.00 
2016/4/21,441.42 ,450.55 ,440.95 ,449.42 ,68204704.00 ,6947795903.00 
2016/4/22,449.69 ,449.81 ,444.15 ,445.74 ,58804400.00 ,6892364370.00 
2016/4/25,459.12 ,466.62 ,453.59 ,461.43 ,87091800.00 ,7139621427.00 
2016/4/26,461.65 ,467.96 ,461.62 ,466.09 ,78971904.00 ,7213507974.00 
2016/4/27,466.26 ,467.08 ,444.13 ,444.69 ,93564896.00 ,6883732526.00 
2016/4/28,445.04 ,449.55 ,436.65 ,449.01 ,74064704.00 ,6952183242.00 
2016/4/29,449.41 ,455.38 ,446.02 ,455.10 ,49258500.00 ,7048201013.00 
2016/5/3,444.73 ,451.10 ,442.62 ,450.30 ,59366400.00 ,6980826502.00 
2016/5/4,450.18 ,450.38 ,445.63 ,446.72 ,50407300.00 ,6927161701.00 
2016/5/5,446.71 ,448.51 ,445.88 ,447.98 ,50440800.00 ,6948331748.00 
2016/5/6,447.94 ,461.38 ,447.07 ,459.60 ,72796800.00 ,7130556704.00 
2016/5/9,458.21 ,462.48 ,456.53 ,460.48 ,55493100.00 ,7149827444.00 
2016/5/10,460.52 ,461.93 ,448.95 ,450.89 ,58956100.00 ,7002714977.00 
2016/5/11,450.86 ,454.58 ,450.86 ,452.73 ,50605200.00 ,7032699388.00 
2016/5/12,452.45 ,454.95 ,449.25 ,454.77 ,59849300.00 ,7065960832.00 
2016/5/13,454.85 ,457.05 ,453.45 ,455.67 ,60845000.00 ,7081726955.00 
2016/5/16,457.59 ,458.20 ,452.95 ,454.16 ,59171500.00 ,7063120268.00 
2016/5/17,454.01 ,455.07 ,453.61 ,453.78 ,64100300.00 ,7058821457.00 
2016/5/18,453.69 ,456.00 ,453.30 ,454.62 ,86850096.00 ,7073564772.00 
2016/5/19,454.52 ,454.63 ,438.71 ,438.71 ,96027400.00 ,6827425412.00 
2016/5/20,437.79 ,444.05 ,437.39 ,442.68 ,81987904.00 ,6890716750.00 
2016/5/23,439.35 ,444.35 ,438.82 ,444.15 ,50582500.00 ,6919346395.00 
2016/5/24,444.29 ,447.10 ,443.93 ,445.98 ,65783100.00 ,6949432035.00 
2016/5/25,446.06 ,450.30 ,446.06 ,449.60 ,65231000.00 ,7007360094.00 
2016/5/26,449.67 ,453.64 ,447.90 ,453.38 ,65203800.00 ,7067871184.00 
2016/5/27,453.52 ,478.15 ,453.52 ,473.46 ,164780992.00 ,7382558440.00 
2016/5/30,528.47 ,544.35 ,522.96 ,533.86 ,87958704.00 ,8330000111.00 
2016/5/31,534.19 ,546.62 ,520.66 ,531.39 ,138450000.00 ,8293035755.00 
2016/6/1,531.11 ,543.08 ,525.64 ,536.92 ,86061800.00 ,8381321200.00 
2016/6/2,536.52 ,540.35 ,533.08 ,537.97 ,60378200.00 ,8399598923.00 
2016/6/3,537.68 ,574.64 ,536.92 ,569.19 ,122020000.00 ,8889102698.00 
2016/6/6,574.60 ,586.47 ,574.60 ,585.54 ,72138896.00 ,9151021089.00 
2016/6/7,585.45 ,590.26 ,567.51 ,576.60 ,107770000.00 ,9013335474.00 
2016/6/8,577.17 ,582.84 ,573.13 ,581.65 ,80265800.00 ,9094354021.00 
2016/6/13,671.65 ,716.00 ,664.49 ,704.38 ,243295008.00 ,11026918233.00 
2016/6/14,704.50 ,704.50 ,662.80 ,685.56 ,186694000.00 ,10734585656.00 
2016/6/15,685.68 ,696.30 ,672.56 ,694.47 ,99223800.00 ,10876756116.00 
2016/6/16,696.52 ,773.72 ,696.52 ,766.31 ,271633984.00 ,12004751236.00 
2016/6/17,768.49 ,775.36 ,716.56 ,748.91 ,363320992.00 ,11734973407.00 
2016/6/20,763.93 ,764.08 ,732.73 ,737.23 ,174511008.00 ,11561085979.00 
2016/6/21,735.88 ,735.88 ,639.07 ,666.65 ,309944000.00 ,10456853278.00 
2016/6/22,665.91 ,678.67 ,587.48 ,596.12 ,266392992.00 ,9352374507.00 
2016/6/23,597.44 ,629.33 ,558.14 ,623.98 ,253462000.00 ,9791649877.00 
2016/6/24,625.58 ,681.73 ,625.27 ,665.30 ,224316992.00 ,10442233719.00 
2016/6/27,629.35 ,655.28 ,620.52 ,655.28 ,122134000.00 ,10292371661.00 
2016/6/28,658.10 ,659.25 ,637.77 ,647.00 ,138384992.00 ,10164806261.00 
2016/6/29,644.12 ,644.68 ,628.28 ,639.89 ,142456000.00 ,10055423427.00 
2016/6/30,640.59 ,675.40 ,636.61 ,673.34 ,138980000.00 ,10583527799.00 
2016/7/1,672.52 ,686.15 ,669.59 ,676.30 ,134431008.00 ,10632674990.00 
2016/7/4,658.80 ,683.66 ,650.51 ,683.66 ,92008400.00 ,10756225162.00 
2016/7/5,683.21 ,683.49 ,665.07 ,670.63 ,130476000.00 ,10553590036.00 
2016/7/6,670.42 ,681.90 ,670.42 ,677.33 ,134960992.00 ,10661460872.00 
2016/7/7,678.09 ,682.43 ,611.83 ,640.56 ,258091008.00 ,10084880016.00 
2016/7/8,640.69 ,666.71 ,636.47 ,666.52 ,141970000.00 ,10496037616.00 
2016/7/11,648.48 ,659.63 ,644.98 ,647.66 ,107910000.00 ,10203318330.00 
2016/7/12,648.28 ,675.26 ,646.78 ,664.55 ,138172992.00 ,10470577835.00 
2016/7/13,664.80 ,668.70 ,654.47 ,654.47 ,131449000.00 ,10312716681.00 
2016/7/14,652.92 ,662.90 ,652.92 ,658.08 ,98511400.00 ,10370714378.00 
2016/7/15,659.17 ,667.08 ,659.04 ,663.26 ,81673104.00 ,10453381650.00 
2016/7/18,679.81 ,681.55 ,668.63 ,673.11 ,69465000.00 ,10612299585.00 
2016/7/19,672.74 ,673.28 ,667.63 ,672.86 ,61203300.00 ,10609525767.00 
2016/7/20,672.81 ,672.93 ,663.36 ,665.68 ,94636400.00 ,10497527596.00 
2016/7/21,665.23 ,666.22 ,660.41 ,665.01 ,60491800.00 ,10487976073.00 
2016/7/22,664.92 ,666.58 ,646.72 ,650.62 ,134169000.00 ,10261989674.00 
2016/7/25,661.26 ,661.83 ,653.40 ,654.10 ,78176496.00 ,10319876749.00 
2016/7/26,654.23 ,656.22 ,645.88 ,651.78 ,225135008.00 ,10284392843.00 
2016/7/27,651.63 ,657.46 ,648.45 ,654.35 ,147460992.00 ,10325917979.00 
2016/7/28,654.49 ,657.59 ,654.49 ,655.03 ,86428400.00 ,10337749269.00 
2016/7/29,655.11 ,657.80 ,654.79 ,656.99 ,60703500.00 ,10369809306.00 
2016/8/1,624.60 ,626.12 ,605.88 ,606.27 ,121887000.00 ,9572348580.00 
2016/8/2,606.40 ,612.85 ,531.33 ,547.47 ,330932992.00 ,8644864335.00 
2016/8/3,548.66 ,573.36 ,541.55 ,566.35 ,207982000.00 ,8944279139.00 
2016/8/4,566.33 ,579.50 ,565.78 ,578.29 ,125292000.00 ,9133817995.00 
2016/8/5,578.28 ,578.28 ,569.98 ,575.04 ,66127900.00 ,9083715053.00 
2016/8/8,592.74 ,592.99 ,588.05 ,591.05 ,61194100.00 ,9339910963.00 
2016/8/9,591.04 ,591.09 ,584.79 ,587.80 ,92228096.00 ,9289374235.00 
2016/8/10,587.65 ,599.98 ,586.37 ,592.10 ,102905000.00 ,9358441335.00 
2016/8/11,592.12 ,597.54 ,589.12 ,589.12 ,74514400.00 ,9312340020.00 
2016/8/12,588.80 ,589.91 ,583.81 ,587.56 ,69218000.00 ,9288722581.00 
2016/8/15,570.49 ,573.58 ,563.24 ,567.24 ,57262300.00 ,8970719083.00 
2016/8/16,567.24 ,581.74 ,566.72 ,577.44 ,58405200.00 ,9132941526.00 
2016/8/17,577.76 ,580.89 ,571.43 ,573.22 ,54443000.00 ,9066995409.00 
2016/8/18,573.71 ,577.79 ,573.43 ,574.32 ,59896600.00 ,9085487925.00 
2016/8/19,574.34 ,578.24 ,574.18 ,575.63 ,50631600.00 ,9107313927.00 
2016/8/22,581.31 ,588.45 ,580.59 ,586.75 ,72844000.00 ,9286647694.00 
2016/8/23,586.77 ,589.47 ,581.63 ,583.41 ,85349200.00 ,9234845697.00 
2016/8/24,583.41 ,583.59 ,579.85 ,580.18 ,56328200.00 ,9184728961.00 
2016/8/25,580.18 ,580.45 ,575.17 ,577.76 ,136130000.00 ,9147297036.00 
2016/8/26,577.75 ,580.62 ,576.86 ,579.65 ,48856800.00 ,9178145243.00 
2016/8/29,574.07 ,576.28 ,573.47 ,574.11 ,110398000.00 ,9093420855.00 
2016/8/30,574.11 ,578.36 ,574.11 ,577.50 ,70342400.00 ,9148340524.00 
2016/8/31,577.59 ,577.86 ,573.64 ,575.47 ,75840896.00 ,9117106217.00 
2016/9/1,575.55 ,576.31 ,571.81 ,572.30 ,76923400.00 ,9067854884.00 
2016/9/2,572.41 ,575.64 ,570.81 ,575.54 ,79910800.00 ,9120159589.00 
2016/9/5,608.99 ,609.05 ,602.24 ,606.59 ,82446800.00 ,9615468145.00 
2016/9/6,606.51 ,610.83 ,605.09 ,610.44 ,78529104.00 ,9677437248.00 
2016/9/7,610.57 ,614.54 ,608.51 ,614.54 ,75032400.00 ,9743676240.00 
2016/9/8,614.64 ,628.77 ,613.84 ,626.32 ,86713000.00 ,9931412644.00 
2016/9/9,626.35 ,626.83 ,620.26 ,622.86 ,64550200.00 ,9877681032.00 
2016/9/12,607.01 ,608.46 ,605.41 ,608.24 ,72812304.00 ,9649385919.00 
2016/9/13,608.03 ,611.19 ,606.92 ,609.24 ,86920600.00 ,9666424848.00 
2016/9/14,608.84 ,611.95 ,608.41 ,610.68 ,47877700.00 ,9690463177.00 
2016/9/19,609.87 ,610.93 ,608.27 ,609.23 ,54796400.00 ,9672709264.00 
2016/9/20,609.25 ,609.53 ,607.94 ,608.31 ,72710896.00 ,9659269452.00 
2016/9/21,603.59 ,603.59 ,595.88 ,597.15 ,82776200.00 ,9483211005.00 
2016/9/22,597.28 ,598.49 ,596.21 ,596.30 ,67085300.00 ,9470698215.00 
2016/9/23,596.20 ,603.21 ,595.79 ,602.84 ,51067000.00 ,9575631549.00 
2016/9/26,600.81 ,608.14 ,600.35 ,608.04 ,59153800.00 ,9661922446.00 
2016/9/27,608.02 ,608.25 ,604.11 ,606.17 ,49422400.00 ,9633311305.00 
2016/9/28,606.24 ,606.59 ,604.61 ,604.73 ,48722600.00 ,9611532319.00 
2016/9/29,605.02 ,606.82 ,604.85 ,605.69 ,55658600.00 ,9627902106.00 
2016/9/30,605.72 ,609.73 ,604.14 ,609.73 ,56122400.00 ,9693198750.00 
2016/10/10,616.82 ,621.32 ,616.20 ,618.99 ,67481104.00 ,9851764897.00 
2016/10/11,619.24 ,642.08 ,618.50 ,641.07 ,103590000.00 ,10204214839.00 
2016/10/12,640.87 ,641.34 ,635.97 ,636.19 ,92370200.00 ,10127644784.00 
2016/10/13,636.03 ,638.83 ,635.03 ,636.79 ,61620700.00 ,10138078870.00 
2016/10/14,637.01 ,641.28 ,637.01 ,640.38 ,58144600.00 ,10196303437.00 
2016/10/17,641.82 ,642.33 ,638.66 ,639.19 ,58063600.00 ,10180488274.00 
2016/10/18,639.41 ,640.74 ,636.00 ,637.96 ,65546700.00 ,10162029114.00 
2016/10/19,638.13 ,638.87 ,628.01 ,630.52 ,69381696.00 ,10044471117.00 
2016/10/20,630.66 ,631.92 ,628.26 ,630.86 ,56957300.00 ,10050854099.00 
2016/10/21,630.83 ,634.09 ,630.69 ,632.83 ,55951000.00 ,10083501603.00 
2016/10/24,657.16 ,657.25 ,652.59 ,653.76 ,62218200.00 ,10420469172.00 
2016/10/25,654.00 ,664.42 ,653.70 ,657.59 ,90378800.00 ,10482565592.00 
2016/10/26,657.68 ,679.73 ,657.68 ,678.30 ,88877104.00 ,10813913071.00 
2016/10/27,678.21 ,688.59 ,678.04 ,688.31 ,96105296.00 ,10974828655.00 
2016/10/28,688.00 ,690.44 ,684.16 ,689.65 ,81145504.00 ,10997420362.00 
2016/10/31,702.64 ,709.29 ,691.68 ,700.97 ,97064400.00 ,11181852070.00 
2016/11/1,701.34 ,736.45 ,701.34 ,729.79 ,130527000.00 ,11642863554.00 
2016/11/2,730.07 ,740.83 ,722.35 ,740.83 ,84865200.00 ,11820110421.00 
2016/11/3,742.35 ,745.77 ,678.16 ,688.70 ,172808000.00 ,10989660280.00 
2016/11/4,689.12 ,706.93 ,685.56 ,703.23 ,99907696.00 ,11222575748.00 
2016/11/7,710.74 ,710.74 ,699.90 ,703.13 ,65047100.00 ,11224670783.00 
2016/11/8,703.09 ,712.99 ,702.39 ,709.85 ,79660800.00 ,11333339468.00 
2016/11/9,709.83 ,740.05 ,708.61 ,723.27 ,132429000.00 ,11548965779.00 
2016/11/10,722.84 ,723.02 ,711.21 ,715.53 ,68807800.00 ,11426817526.00 
2016/11/11,715.55 ,718.32 ,714.41 ,716.41 ,63119700.00 ,11442241390.00 
2016/11/14,702.00 ,706.28 ,699.81 ,705.02 ,62993000.00 ,11271073434.00 
2016/11/15,705.79 ,715.72 ,705.26 ,711.62 ,72038496.00 ,11377924616.00 
2016/11/16,711.17 ,747.61 ,709.04 ,744.20 ,141294000.00 ,11900441939.00 
2016/11/17,744.88 ,755.65 ,739.51 ,740.98 ,108579000.00 ,11850398479.00 
2016/11/18,740.71 ,752.88 ,736.89 ,751.59 ,87363104.00 ,12021432968.00 
2016/11/21,731.27 ,741.72 ,730.51 ,739.25 ,60802400.00 ,11827902946.00 
2016/11/22,739.64 ,753.87 ,736.53 ,751.35 ,129906000.00 ,12022735372.00 
2016/11/23,751.74 ,752.25 ,738.92 ,744.59 ,76543800.00 ,11916054235.00 
2016/11/24,744.62 ,746.83 ,733.49 ,740.29 ,85919296.00 ,11848658575.00 
2016/11/25,740.44 ,741.65 ,734.59 ,741.65 ,67807600.00 ,11871816579.00 
2016/11/28,732.48 ,738.01 ,732.48 ,735.81 ,61888600.00 ,11782628755.00 
2016/11/29,736.33 ,737.47 ,734.56 ,735.60 ,68511104.00 ,11780661280.00 
2016/11/30,736.28 ,747.93 ,736.27 ,745.69 ,84070800.00 ,11943536630.00 
2016/12/1,746.05 ,758.28 ,746.05 ,756.77 ,80461904.00 ,12122431239.00 
2016/12/2,757.54 ,781.30 ,757.54 ,777.94 ,127605000.00 ,12462935160.00 
2016/12/5,773.39 ,773.47 ,751.71 ,758.70 ,106363000.00 ,12159115875.00 
2016/12/6,758.72 ,765.62 ,758.72 ,764.22 ,116218000.00 ,12249086971.00 
2016/12/7,764.21 ,771.54 ,759.75 ,768.13 ,96426096.00 ,12313376414.00 
2016/12/8,768.08 ,774.70 ,765.95 ,770.81 ,80111904.00 ,12357837893.00 
2016/12/9,769.94 ,774.53 ,769.65 ,772.79 ,68705296.00 ,12390863077.00 
2016/12/12,770.04 ,781.92 ,770.04 ,780.09 ,76571000.00 ,12512497969.00 
2016/12/13,780.65 ,788.46 ,777.96 ,780.56 ,81645600.00 ,12521776922.00 
2016/12/14,780.01 ,782.03 ,776.84 ,781.48 ,75979000.00 ,12534369129.00 
2016/12/15,780.07 ,781.43 ,777.80 ,778.09 ,81580096.00 ,12484761985.00 
2016/12/16,778.96 ,785.03 ,778.96 ,784.91 ,83608200.00 ,12595490539.00 
2016/12/19,790.69 ,793.61 ,790.32 ,792.71 ,74886400.00 ,12725090633.00 
2016/12/20,792.25 ,801.34 ,791.50 ,800.88 ,99629296.00 ,12857473134.00 
2016/12/21,800.64 ,834.28 ,799.41 ,834.28 ,155576000.00 ,13395445163.00 
2016/12/22,834.18 ,875.78 ,834.15 ,864.54 ,200027008.00 ,13882988216.00 
2016/12/23,864.89 ,925.12 ,864.68 ,921.98 ,275564000.00 ,14807189352.00 
2016/12/26,896.91 ,913.18 ,896.90 ,907.61 ,123771000.00 ,14581389977.00 
2016/12/27,908.35 ,940.05 ,904.26 ,933.20 ,167308000.00 ,14994286713.00 
2016/12/28,934.83 ,975.92 ,934.83 ,975.92 ,236630000.00 ,15682769405.00 
2016/12/29,975.13 ,979.40 ,954.50 ,973.50 ,199320000.00 ,15645617392.00 
2016/12/30,972.53 ,972.53 ,934.83 ,961.24 ,187474000.00 ,15450507055.00 
2017/1/3,1021.60 ,1044.08 ,1021.60 ,1043.84 ,185168000.00 ,16786368910.00 
2017/1/4,1044.40 ,1159.42 ,1044.40 ,1154.73 ,344945984.00 ,18571869009.00 
2017/1/5,1156.73 ,1191.10 ,910.42 ,1013.38 ,510199008.00 ,16300254795.00 
2017/1/6,1014.24 ,1046.81 ,883.94 ,902.20 ,351876000.00 ,14513695758.00 
2017/1/9,913.24 ,913.69 ,879.81 ,902.83 ,141876992.00 ,14528815565.00 
2017/1/10,902.44 ,914.87 ,901.06 ,907.68 ,115808000.00 ,14608685049.00 
2017/1/11,908.11 ,919.45 ,762.77 ,777.76 ,310928992.00 ,12519135996.00 
2017/1/12,775.18 ,826.25 ,755.76 ,804.83 ,222326000.00 ,12956730411.00 
2017/1/13,803.74 ,829.00 ,780.00 ,823.98 ,168968000.00 ,13266554392.00 
2017/1/16,821.78 ,834.53 ,820.27 ,831.53 ,82755200.00 ,13393372620.00 
2017/1/17,830.95 ,910.56 ,830.80 ,907.94 ,155095008.00 ,14625779851.00 
2017/1/18,909.37 ,917.50 ,858.30 ,886.62 ,225676992.00 ,14284036613.00 
2017/1/19,888.34 ,904.61 ,884.34 ,899.07 ,105625000.00 ,14486616700.00 
2017/1/20,898.17 ,899.40 ,887.01 ,895.03 ,86728400.00 ,14423545371.00 
2017/1/23,925.50 ,928.27 ,916.74 ,921.01 ,73588600.00 ,14848013909.00 
2017/1/24,910.68 ,924.15 ,892.29 ,892.69 ,111349000.00 ,14393026385.00 
2017/1/25,891.92 ,903.25 ,891.69 ,901.54 ,120831000.00 ,14537488261.00 
2017/1/26,902.40 ,919.33 ,902.22 ,917.59 ,131958000.00 ,14797955301.00 
2017/2/3,1011.46 ,1033.87 ,1008.79 ,1029.91 ,201278000.00 ,16625849489.00 
2017/2/6,1028.40 ,1044.64 ,1028.16 ,1038.15 ,111762000.00 ,16764422010.00 
2017/2/7,1040.14 ,1061.93 ,1040.14 ,1061.35 ,146007008.00 ,17141080574.00 
2017/2/8,1062.32 ,1078.97 ,1037.49 ,1063.07 ,201855008.00 ,17170799127.00 
2017/2/9,1064.70 ,1088.99 ,953.34 ,994.38 ,407220000.00 ,16063448932.00 
2017/2/10,995.63 ,998.91 ,946.69 ,988.67 ,190452000.00 ,15973053725.00 
2017/2/13,998.89 ,1002.10 ,976.00 ,990.64 ,100607000.00 ,16010322103.00 
2017/2/14,991.73 ,1011.51 ,986.47 ,1004.55 ,137946000.00 ,16237219721.00 
2017/2/15,1006.21 ,1008.84 ,1001.58 ,1007.48 ,89759400.00 ,16286329282.00 
2017/2/16,1007.65 ,1033.37 ,1007.65 ,1027.44 ,122277000.00 ,16610905026.00 
2017/2/17,1026.12 ,1053.17 ,1025.64 ,1046.21 ,136474000.00 ,16916338976.00 
2017/2/20,1048.69 ,1080.49 ,1041.69 ,1079.98 ,109478000.00 ,17468244508.00 
2017/2/21,1079.28 ,1117.25 ,1076.93 ,1115.30 ,186868992.00 ,18041455273.00 
2017/2/22,1114.80 ,1125.39 ,1100.55 ,1117.44 ,136100000.00 ,18077985665.00 
2017/2/23,1117.27 ,1176.62 ,1116.96 ,1166.72 ,189454000.00 ,18877442096.00 
2017/2/24,1172.71 ,1200.39 ,1131.96 ,1173.68 ,330759008.00 ,18992415818.00 
2017/2/27,1163.78 ,1181.98 ,1163.38 ,1179.97 ,131570000.00 ,19101427518.00 
2017/2/28,1180.72 ,1193.25 ,1171.82 ,1179.97 ,184956000.00 ,19103684801.00 
2017/3/1,1180.04 ,1222.50 ,1179.69 ,1222.50 ,229056992.00 ,19794459608.00 
2017/3/2,1224.68 ,1262.13 ,1215.62 ,1251.01 ,368275008.00 ,20258543188.00 
2017/3/3,1250.71 ,1280.31 ,1250.71 ,1274.99 ,315739008.00 ,20649259919.00 
2017/3/6,1267.47 ,1276.00 ,1264.60 ,1272.83 ,153656992.00 ,20620991547.00 
2017/3/7,1273.21 ,1275.55 ,1204.80 ,1223.54 ,291256000.00 ,19824773912.00 
2017/3/8,1223.23 ,1232.16 ,1148.08 ,1150.00 ,332603008.00 ,18635275050.00 
2017/3/9,1150.35 ,1197.46 ,1141.23 ,1188.49 ,212283008.00 ,19261188310.00 
2017/3/10,1189.36 ,1270.47 ,1077.25 ,1116.72 ,563795968.00 ,18100188612.00 
2017/3/13,1221.78 ,1237.37 ,1217.03 ,1231.92 ,380276992.00 ,19974334865.00 
2017/3/14,1232.16 ,1244.81 ,1220.72 ,1240.00 ,245306000.00 ,20107761880.00 
2017/3/15,1240.16 ,1251.61 ,1239.75 ,1249.61 ,297804992.00 ,20265831337.00 
2017/3/16,1251.33 ,1257.98 ,1152.44 ,1187.81 ,638568000.00 ,19265847025.00 
2017/3/17,1180.16 ,1180.16 ,1099.57 ,1100.23 ,706598976.00 ,17847435957.00 
2017/3/20,1037.24 ,1063.03 ,1036.68 ,1054.23 ,286529984.00 ,17107266418.00 
2017/3/21,1055.36 ,1122.43 ,1055.36 ,1120.54 ,337391008.00 ,18185299687.00 
2017/3/22,1120.65 ,1120.65 ,1014.21 ,1049.14 ,380840992.00 ,17028630158.00 
2017/3/23,1050.05 ,1058.01 ,1028.93 ,1038.59 ,248540000.00 ,16859314109.00 
2017/3/24,1038.45 ,1040.47 ,934.36 ,937.52 ,491038016.00 ,15220718764.00 
2017/3/27,972.05 ,1046.40 ,971.98 ,1045.77 ,372535008.00 ,16983801541.00 
2017/3/28,1044.58 ,1064.65 ,1027.73 ,1047.15 ,326332000.00 ,17008241726.00 
2017/3/29,1046.08 ,1055.13 ,1015.88 ,1039.97 ,298457984.00 ,16893415156.00 
2017/3/30,1042.21 ,1049.29 ,1020.04 ,1026.43 ,352968992.00 ,16675587066.00 
2017/3/31,1026.64 ,1074.92 ,1026.64 ,1071.79 ,447287008.00 ,17414322808.00 
2017/4/5,1134.14 ,1135.09 ,1113.63 ,1124.78 ,414784000.00 ,18285857775.00 
2017/4/6,1125.81 ,1188.37 ,1125.81 ,1182.68 ,511222016.00 ,19229356147.00 
2017/4/7,1178.94 ,1186.58 ,1163.39 ,1176.90 ,317022016.00 ,19137747435.00 
2017/4/10,1187.30 ,1190.34 ,1179.04 ,1187.13 ,215883008.00 ,19310642460.00 
2017/4/11,1187.46 ,1208.07 ,1187.46 ,1205.01 ,216182000.00 ,19604036563.00 
2017/4/12,1204.81 ,1207.14 ,1196.76 ,1200.37 ,288702016.00 ,19530680104.00 
2017/4/13,1201.02 ,1205.89 ,1156.44 ,1169.28 ,351968992.00 ,19026699552.00 
2017/4/14,1170.33 ,1190.80 ,1159.79 ,1167.54 ,254827008.00 ,19000400018.00 
2017/4/17,1183.25 ,1194.90 ,1172.65 ,1193.91 ,253206000.00 ,19436033390.00 
2017/4/18,1193.77 ,1217.57 ,1193.77 ,1211.67 ,270524000.00 ,19727334977.00 
2017/4/19,1212.13 ,1215.51 ,1205.08 ,1210.29 ,288060992.00 ,19707045565.00 
2017/4/20,1211.08 ,1240.79 ,1208.41 ,1229.08 ,315108000.00 ,20015137622.00 
2017/4/21,1229.42 ,1235.94 ,1215.56 ,1222.05 ,272167008.00 ,19903192286.00 
2017/4/24,1209.63 ,1250.94 ,1209.63 ,1250.15 ,235806000.00 ,20367443800.00 
2017/4/25,1250.45 ,1267.58 ,1249.97 ,1265.49 ,242556000.00 ,20619704237.00 
2017/4/26,1265.99 ,1294.83 ,1265.93 ,1281.08 ,329631008.00 ,20876159410.00 
2017/4/27,1281.88 ,1319.70 ,1281.30 ,1317.73 ,449196992.00 ,21475836448.00 
2017/4/28,1317.74 ,1331.28 ,1292.37 ,1316.48 ,527488992.00 ,21457669552.00 
2017/5/2,1421.03 ,1473.90 ,1415.69 ,1452.82 ,477337984.00 ,23691443738.00 
2017/5/3,1453.78 ,1492.77 ,1447.49 ,1490.09 ,583795968.00 ,24301634925.00 
2017/5/4,1490.72 ,1608.91 ,1490.72 ,1537.67 ,933548992.00 ,25080858487.00 
2017/5/5,1540.87 ,1618.03 ,1530.31 ,1555.45 ,946035968.00 ,25373374563.00 
2017/5/8,1596.92 ,1723.35 ,1596.92 ,1723.35 ,1340320000.00 ,28123369330.00 
2017/5/9,1723.89 ,1833.49 ,1716.30 ,1755.36 ,1167920000.00 ,28649119972.00 
2017/5/10,1756.52 ,1788.44 ,1719.10 ,1787.13 ,915723008.00 ,29170965564.00 
2017/5/11,1780.37 ,1873.93 ,1755.35 ,1848.57 ,799489984.00 ,30176934751.00 
2017/5/12,1845.76 ,1856.15 ,1694.01 ,1724.24 ,740984000.00 ,28150631936.00 
2017/5/15,1808.44 ,1812.80 ,1708.54 ,1738.43 ,731529024.00 ,28392885375.00 
2017/5/16,1741.70 ,1785.94 ,1686.54 ,1734.45 ,959044992.00 ,28330874003.00 
2017/5/17,1726.73 ,1864.05 ,1661.91 ,1839.09 ,1064729984.00 ,30043626195.00 
2017/5/18,1818.70 ,1904.48 ,1807.12 ,1888.65 ,894321024.00 ,30856574835.00 
2017/5/19,1897.37 ,2004.52 ,1890.25 ,1987.71 ,1157289984.00 ,32479082015.00 
2017/5/22,2043.19 ,2303.90 ,2017.87 ,2173.40 ,1942220032.00 ,35525744380.00 
2017/5/23,2191.56 ,2320.82 ,2178.50 ,2320.42 ,1378749952.00 ,37933704066.00 
2017/5/24,2321.37 ,2523.72 ,2321.37 ,2443.64 ,1725379968.00 ,39952841999.00 
2017/5/25,2446.24 ,2763.71 ,2285.30 ,2304.98 ,2406700032.00 ,37690456715.00 
2017/5/26,2320.89 ,2573.79 ,2071.99 ,2202.42 ,1763480064.00 ,36017660894.00 
2017/5/31,2187.19 ,2311.08 ,2145.57 ,2286.41 ,1544829952.00 ,37414813240.00 
2017/6/1,2288.33 ,2448.39 ,2288.33 ,2407.88 ,1653180032.00 ,39407633763.00 
2017/6/2,2404.03 ,2488.55 ,2373.32 ,2488.55 ,1317030016.00 ,40732491835.00 
2017/6/5,2512.40 ,2686.81 ,2510.22 ,2686.81 ,1369309952.00 ,43994968834.00 
2017/6/6,2690.84 ,2999.91 ,2690.84 ,2863.20 ,2089609984.00 ,46888622160.00 
2017/6/7,2869.38 ,2869.38 ,2700.56 ,2732.16 ,1517709952.00 ,44748237218.00 
2017/6/8,2720.49 ,2815.30 ,2670.95 ,2805.62 ,1281170048.00 ,45957247989.00 
2017/6/9,2807.44 ,2901.71 ,2795.62 ,2823.81 ,1348950016.00 ,46260465854.00 
2017/6/12,2953.22 ,2997.26 ,2518.56 ,2659.63 ,2569530112.00 ,43585351533.00 
2017/6/13,2680.91 ,2789.04 ,2650.38 ,2717.02 ,1781200000.00 ,44530631894.00 
2017/6/14,2716.88 ,2786.83 ,2412.94 ,2506.37 ,1696560000.00 ,41082567339.00 
2017/6/15,2499.58 ,2534.71 ,2212.96 ,2464.58 ,2026259968.00 ,40402259202.00 
2017/6/16,2469.57 ,2539.92 ,2385.15 ,2518.56 ,1195190016.00 ,41291821423.00 
2017/6/19,2549.03 ,2662.85 ,2549.03 ,2589.60 ,1446840064.00 ,42470734800.00 
2017/6/20,2591.26 ,2763.45 ,2589.82 ,2721.79 ,1854189952.00 ,44643512689.00 
2017/6/21,2709.43 ,2772.01 ,2660.40 ,2689.10 ,1626579968.00 ,44111929173.00 
2017/6/22,2691.03 ,2723.74 ,2642.36 ,2705.41 ,1097939968.00 ,44384244937.00 
2017/6/23,2707.34 ,2765.17 ,2706.37 ,2744.91 ,961318976.00 ,45037797053.00 
2017/6/26,2590.57 ,2615.25 ,2376.29 ,2478.45 ,1663280000.00 ,40677994354.00 
2017/6/27,2478.45 ,2552.45 ,2332.99 ,2552.45 ,1489789952.00 ,41897190525.00 
2017/6/28,2553.03 ,2603.98 ,2484.42 ,2574.79 ,1183869952.00 ,42268942193.00 
2017/6/29,2567.56 ,2588.83 ,2510.48 ,2539.32 ,949979008.00 ,41690395783.00 
2017/6/30,2539.24 ,2559.25 ,2478.43 ,2480.84 ,860273024.00 ,40735082695.00 
2017/7/3,2498.56 ,2595.00 ,2480.47 ,2564.06 ,964112000.00 ,42118211083.00 
2017/7/4,2561.00 ,2631.59 ,2559.35 ,2601.64 ,985516032.00 ,42740618673.00 
2017/7/5,2602.87 ,2622.65 ,2538.55 ,2601.99 ,941566016.00 ,42751085999.00 
2017/7/6,2608.10 ,2616.72 ,2581.69 ,2608.56 ,761956992.00 ,42863758795.00 
2017/7/7,2608.59 ,2916.14 ,2498.87 ,2518.66 ,917411968.00 ,41391217675.00 
2017/7/10,2525.25 ,2537.16 ,2321.13 ,2372.56 ,1111200000.00 ,39005033499.00 
2017/7/11,2385.89 ,2413.47 ,2296.81 ,2337.79 ,1329760000.00 ,38438497236.00 
2017/7/12,2332.77 ,2423.71 ,2275.14 ,2398.84 ,1117410048.00 ,39447604438.00 
2017/7/13,2402.70 ,2425.22 ,2340.83 ,2357.90 ,835769984.00 ,38778935907.00 
2017/7/14,2360.59 ,2363.25 ,2183.22 ,2233.34 ,882502976.00 ,36734255488.00 
2017/7/17,1932.62 ,2230.49 ,1932.62 ,2228.41 ,1201760000.00 ,36665393517.00 
2017/7/18,2233.52 ,2387.61 ,2164.77 ,2318.88 ,1512450048.00 ,38158677672.00 
2017/7/19,2323.08 ,2397.17 ,2260.23 ,2273.43 ,1245100032.00 ,37415031061.00 
2017/7/20,2269.89 ,2900.70 ,2269.89 ,2817.60 ,2249260032.00 ,46376428080.00 
2017/7/21,2838.41 ,2838.41 ,2621.85 ,2667.76 ,1489449984.00 ,43915296559.00 
2017/7/24,2732.70 ,2777.26 ,2699.19 ,2754.86 ,866473984.00 ,45366654309.00 
2017/7/25,2757.50 ,2768.08 ,2480.96 ,2576.48 ,1460089984.00 ,42433788244.00 
2017/7/26,2577.77 ,2610.76 ,2450.80 ,2529.45 ,937404032.00 ,41663929265.00 
2017/7/27,2538.71 ,2693.32 ,2529.34 ,2671.78 ,789104000.00 ,44013533097.00 
2017/7/28,2679.73 ,2897.45 ,2679.73 ,2809.01 ,1380099968.00 ,46279316161.00 
2017/7/31,2763.24 ,2889.62 ,2720.61 ,2875.34 ,860574976.00 ,47388334773.00 
2017/8/1,2871.30 ,2921.35 ,2685.61 ,2718.26 ,1324669952.00 ,44804603885.00 
2017/8/2,2727.13 ,2762.53 ,2668.59 ,2710.67 ,1094950016.00 ,44684649516.00 
2017/8/3,2709.56 ,2813.31 ,2685.14 ,2804.73 ,804796992.00 ,46239970790.00 
2017/8/4,2806.93 ,2899.33 ,2743.72 ,2895.89 ,1002120000.00 ,47749461443.00 
2017/8/7,3212.78 ,3397.68 ,3180.89 ,3378.94 ,1482279936.00 ,55734179251.00 
2017/8/8,3370.22 ,3484.85 ,3345.83 ,3419.94 ,1752760064.00 ,56417337745.00 
2017/8/9,3420.40 ,3422.76 ,3247.67 ,3342.47 ,1468960000.00 ,55145196472.00 
2017/8/10,3341.84 ,3453.45 ,3319.47 ,3381.28 ,1515110016.00 ,55791120000.00 
2017/8/11,3373.82 ,3679.72 ,3372.12 ,3650.62 ,2021190016.00 ,60241844923.00 
2017/8/14,4066.10 ,4325.13 ,3989.16 ,4325.13 ,2463089920.00 ,71394704654.00 
2017/8/15,4326.99 ,4455.97 ,3906.18 ,4181.93 ,3258050048.00 ,69038855081.00 
2017/8/16,4200.34 ,4381.23 ,3994.42 ,4376.63 ,2272039936.00 ,72260183303.00 
2017/8/17,4384.44 ,4484.70 ,4243.71 ,4331.69 ,2553359872.00 ,71527949443.00 
2017/8/18,4324.34 ,4370.13 ,4015.40 ,4160.62 ,2941710080.00 ,68710871037.00 
2017/8/21,4090.48 ,4109.14 ,3988.60 ,4001.74 ,2800890112.00 ,66106992038.00 
2017/8/22,3998.35 ,4128.76 ,3674.58 ,4100.52 ,3764239872.00 ,67743202431.00 
2017/8/23,4089.01 ,4255.78 ,4078.41 ,4151.52 ,2369819904.00 ,68593954170.00 
2017/8/24,4137.60 ,4376.39 ,4130.26 ,4334.68 ,2037750016.00 ,71625870868.00 
2017/8/25,4332.82 ,4455.70 ,4307.35 ,4371.60 ,1727970048.00 ,72241507489.00 
2017/8/28,4384.45 ,4403.93 ,4224.64 ,4382.66 ,1959330048.00 ,72445588933.00 
2017/8/29,4389.21 ,4625.68 ,4352.13 ,4579.02 ,2486080000.00 ,75699786263.00 
2017/8/30,4570.36 ,4626.52 ,4471.41 ,4565.30 ,1937849984.00 ,75482724984.00 
2017/8/31,4555.59 ,4736.05 ,4549.40 ,4703.39 ,1944930048.00 ,77775374625.00 
2017/9/1,4701.76 ,4892.01 ,4678.53 ,4892.01 ,2599079936.00 ,80905039782.00 
2017/9/4,4591.63 ,4591.63 ,4108.40 ,4236.31 ,2987330048.00 ,70087101256.00 
2017/9/5,4228.29 ,4427.84 ,3998.11 ,4376.53 ,2697969920.00 ,72417728536.00 
2017/9/6,4376.59 ,4617.25 ,4376.59 ,4597.12 ,2172100096.00 ,76077049312.00 
2017/9/7,4589.14 ,4655.04 ,4491.33 ,4599.88 ,1844620032.00 ,76132843874.00 
2017/9/8,4605.16 ,4661.00 ,4075.18 ,4228.75 ,2700890112.00 ,69999555938.00 
2017/9/11,4122.47 ,4261.67 ,4099.40 ,4161.27 ,1557330048.00 ,68907352119.00 
2017/9/12,4168.88 ,4344.65 ,4085.22 ,4130.81 ,1864530048.00 ,68412822896.00 
2017/9/13,4131.98 ,4131.98 ,3789.92 ,3882.59 ,2219409920.00 ,64311123695.00 
2017/9/14,3875.37 ,3920.60 ,3153.86 ,3154.95 ,2716310016.00 ,52265453816.00 
2017/9/15,3166.30 ,3733.45 ,2946.62 ,3637.52 ,4148069888.00 ,60267886368.00 
2017/9/18,3591.09 ,4079.23 ,3591.09 ,4065.20 ,1943209984.00 ,67377945990.00 
2017/9/19,4073.79 ,4094.07 ,3868.87 ,3924.97 ,1563980032.00 ,65061185838.00 
2017/9/20,3916.36 ,4031.39 ,3857.73 ,3905.95 ,1213830016.00 ,64751811835.00 
2017/9/21,3901.47 ,3916.42 ,3613.63 ,3631.04 ,1411480064.00 ,60202370872.00 
2017/9/22,3628.02 ,3758.27 ,3553.53 ,3630.70 ,1194829952.00 ,60203040223.00 
2017/9/25,3681.58 ,3950.25 ,3681.58 ,3926.07 ,1374210048.00 ,65122213849.00 
2017/9/26,3928.41 ,3969.89 ,3869.90 ,3892.35 ,1043740032.00 ,64569365079.00 
2017/9/27,3892.94 ,4210.05 ,3884.82 ,4200.67 ,1686880000.00 ,69691950752.00 
2017/9/28,4197.13 ,4279.31 ,4109.70 ,4174.73 ,1712320000.00 ,69270823146.00 
2017/9/29,4171.62 ,4214.63 ,4039.29 ,4163.07 ,1367049984.00 ,69086146650.00 
2017/10/9,4614.52 ,4878.71 ,4564.25 ,4772.02 ,1968739968.00 ,79282158943.00 
2017/10/10,4776.21 ,4922.17 ,4765.10 ,4781.99 ,1597139968.00 ,79457603224.00 
2017/10/11,4789.25 ,4873.73 ,4751.63 ,4826.48 ,1222279936.00 ,80205238020.00 
2017/10/12,4829.58 ,5446.91 ,4822.00 ,5446.91 ,2791610112.00 ,90525666972.00 
2017/10/13,5464.16 ,5840.30 ,5436.85 ,5647.21 ,3615480064.00 ,93864253934.00 
2017/10/16,5687.57 ,5776.23 ,5544.21 ,5725.59 ,2008070016.00 ,95203392843.00 
2017/10/17,5741.58 ,5800.35 ,5472.72 ,5605.51 ,1821570048.00 ,93218297189.00 
2017/10/18,5603.82 ,5603.82 ,5151.44 ,5590.69 ,2399269888.00 ,92982539106.00 
2017/10/19,5583.74 ,5744.35 ,5531.06 ,5708.52 ,1780540032.00 ,94954808115.00 
2017/10/20,5708.11 ,6060.11 ,5627.23 ,6011.45 ,2354429952.00 ,100007083345.00 
2017/10/23,6006.00 ,6075.59 ,5732.47 ,5930.32 ,2401840128.00 ,98695054084.00 
2017/10/24,5935.52 ,5935.52 ,5504.18 ,5526.64 ,2735699968.00 ,91988225800.00 
2017/10/25,5524.60 ,5754.33 ,5397.88 ,5750.80 ,1966989952.00 ,95732630220.00 
2017/10/26,5747.95 ,5976.80 ,5721.22 ,5904.83 ,1905040000.00 ,98310176011.00 
2017/10/27,5899.74 ,5988.39 ,5728.82 ,5780.90 ,1710130048.00 ,96254297360.00 
2017/10/30,6114.85 ,6214.99 ,6040.85 ,6130.53 ,1772150016.00 ,102105356519.00 
2017/10/31,6132.02 ,6470.43 ,6103.33 ,6468.40 ,2311379968.00 ,107743731291.00 
2017/11/1,6440.97 ,6767.31 ,6377.88 ,6767.31 ,2870320128.00 ,112735345036.00 
2017/11/2,6777.77 ,7367.33 ,6758.72 ,7078.50 ,4653770240.00 ,117933380780.00 
2017/11/3,7087.53 ,7461.29 ,7002.94 ,7207.76 ,3369860096.00 ,120097405359.00 
2017/11/6,7403.22 ,7445.77 ,7007.31 ,7022.76 ,3111899904.00 ,117050623317.00 
2017/11/7,7023.10 ,7253.32 ,7023.10 ,7144.38 ,2326340096.00 ,119091456315.00 
2017/11/8,7141.38 ,7776.42 ,7114.02 ,7459.69 ,4602200064.00 ,124360767999.00 
2017/11/9,7446.83 ,7446.83 ,7101.52 ,7143.58 ,3226249984.00 ,119104730750.00 
2017/11/10,7173.73 ,7312.00 ,6436.87 ,6618.14 ,5208249856.00 ,110354089394.00 
2017/11/13,5938.25 ,6811.19 ,5844.29 ,6559.49 ,6263249920.00 ,109400650105.00 
2017/11/14,6561.48 ,6764.98 ,6461.75 ,6635.75 ,3197110016.00 ,110683148744.00 
2017/11/15,6634.76 ,7342.25 ,6634.76 ,7315.54 ,4200880128.00 ,122035826506.00 
2017/11/16,7323.24 ,7967.38 ,7176.58 ,7871.69 ,5123809792.00 ,131328418537.00 
2017/11/17,7853.57 ,8004.59 ,7561.09 ,7708.99 ,4651670016.00 ,128621507062.00 
2017/11/20,8039.07 ,8336.86 ,7949.36 ,8200.64 ,3488450048.00 ,136881802624.00 
2017/11/21,8205.74 ,8348.66 ,7762.71 ,8071.26 ,4277609984.00 ,134739693480.00 
2017/11/22,8077.95 ,8302.26 ,8075.47 ,8253.55 ,3633530112.00 ,137797862084.00 
2017/11/23,8232.38 ,8267.40 ,8038.77 ,8038.77 ,4225179904.00 ,134227860479.00 
2017/11/24,8074.02 ,8374.16 ,7940.93 ,8253.69 ,5058610176.00 ,137831976173.00 
2017/11/27,9352.72 ,9818.35 ,9352.72 ,9818.35 ,5653320192.00 ,164019464090.00 
2017/11/28,9823.43 ,10125.70 ,9736.30 ,10058.80 ,6348819968.00 ,168056012886.00 
2017/11/29,10077.40 ,11517.40 ,9601.03 ,9888.61 ,11568799744.00 ,165233728795.00 
2017/11/30,9906.79 ,10801.00 ,9202.05 ,10233.60 ,8310689792.00 ,171020085600.00 
2017/12/1,10198.60 ,11046.70 ,9694.65 ,10975.60 ,6783119872.00 ,183444663767.00 
2017/12/4,11315.40 ,11657.20 ,11081.80 ,11657.20 ,6132409856.00 ,194912755450.00 
2017/12/5,11685.70 ,12032.00 ,11604.60 ,11916.70 ,6895260160.00 ,199278350420.00 
2017/12/6,11923.40 ,14369.10 ,11923.40 ,14291.50 ,12656300032.00 ,239024437136.00 
2017/12/7,14266.10 ,17899.70 ,14057.30 ,17899.70 ,17950699520.00 ,299405364249.00 
2017/12/8,17802.90 ,18353.40 ,14336.90 ,16569.40 ,21135998976.00 ,277185764485.00 
2017/12/11,15427.40 ,17513.90 ,15404.80 ,16936.80 ,12153900032.00 ,283439888520.00 
2017/12/12,16919.80 ,17781.80 ,16571.60 ,17415.40 ,14603799552.00 ,291483935710.00 
2017/12/13,17500.00 ,17653.10 ,16039.70 ,16408.20 ,12976900096.00 ,274663619978.00 
2017/12/14,16384.60 ,17085.80 ,16185.90 ,16564.00 ,13777399808.00 ,277310347000.00 
2017/12/15,16601.30 ,18154.10 ,16601.30 ,17706.90 ,14309999616.00 ,296482120238.00 
2017/12/18,19106.40 ,19371.00 ,18355.90 ,19114.20 ,14839499776.00 ,320174318520.00 
2017/12/19,19118.30 ,19177.80 ,17275.40 ,17776.70 ,16894499840.00 ,297801055828.00 
2017/12/20,17760.30 ,17934.70 ,16077.70 ,16624.60 ,22149699584.00 ,278528964015.00 
2017/12/21,16642.40 ,17567.70 ,15342.70 ,15802.90 ,16516599808.00 ,264788651530.00 
2017/12/22,15898.00 ,15943.40 ,11833.00 ,13831.80 ,22197999616.00 ,231788283457.00 
2017/12/25,13995.90 ,14593.00 ,13448.90 ,14026.60 ,10664699904.00 ,235126843805.00 
2017/12/26,14036.60 ,16461.20 ,14028.90 ,16099.80 ,13454300160.00 ,269908107763.00 
2017/12/27,16163.50 ,16930.90 ,15114.30 ,15838.50 ,12487600128.00 ,265559172050.00 
2017/12/28,15864.10 ,15888.40 ,13937.30 ,14606.50 ,12336499712.00 ,244929825575.00 
2017/12/29,14695.80 ,15279.00 ,14307.00 ,14656.20 ,13025500160.00 ,245793634125.00 
2018/1/2,13625.00 ,15444.60 ,13163.60 ,14982.10 ,16846600192.00 ,251377913955.00 
2018/1/3,14978.20 ,15572.80 ,14844.50 ,15201.00 ,16871900160.00 ,255080562912.00 
2018/1/4,15270.70 ,15739.70 ,14522.20 ,15599.20 ,21783199744.00 ,261795321110.00 
2018/1/5,15477.20 ,17705.20 ,15202.80 ,17429.50 ,23840899072.00 ,292544135538.00 
2018/1/8,16476.20 ,16537.90 ,14208.20 ,15170.10 ,18413899776.00 ,254715263101.00 
2018/1/9,15123.70 ,15497.50 ,14424.00 ,14595.40 ,16659999744.00 ,245095808695.00 
2018/1/10,14588.50 ,14973.30 ,13691.20 ,14973.30 ,18500800512.00 ,251472635522.00 
2018/1/11,14968.20 ,15018.80 ,13105.90 ,13405.80 ,16534099968.00 ,225178724050.00 
2018/1/12,13453.90 ,14229.90 ,13158.10 ,13980.60 ,12065699840.00 ,234865160377.00 
2018/1/15,13767.30 ,14445.50 ,13641.70 ,13819.80 ,12750799872.00 ,232242775485.00 
2018/1/16,13836.10 ,13843.10 ,10194.90 ,11490.50 ,18853799936.00 ,193121120762.00 
2018/1/17,11431.10 ,11678.00 ,9402.29 ,11188.60 ,18830600192.00 ,188070430523.00 
2018/1/18,11198.80 ,12107.30 ,10942.50 ,11474.90 ,15020399616.00 ,192907550324.00 
2018/1/19,11429.80 ,11992.80 ,11172.10 ,11607.40 ,10740400128.00 ,195158837709.00 
2018/1/22,11633.10 ,11966.40 ,10240.20 ,10931.40 ,10537400320.00 ,183866421285.00 
2018/1/23,10944.50 ,11377.60 ,10129.70 ,10868.40 ,9660609536.00 ,182830257191.00 
2018/1/24,10903.40 ,11501.40 ,10639.80 ,11359.40 ,9940989952.00 ,191115225673.00 
2018/1/25,11421.70 ,11785.70 ,11057.40 ,11259.40 ,8873169920.00 ,189455303273.00 
2018/1/26,11256.00 ,11656.70 ,10470.30 ,11171.40 ,9746199552.00 ,187995804677.00 
2018/1/29,11755.50 ,11875.60 ,11179.20 ,11296.40 ,7107359744.00 ,190164444830.00 
2018/1/30,11306.80 ,11307.20 ,10036.20 ,10106.30 ,8637859840.00 ,170151556678.00 
2018/1/31,10108.20 ,10381.60 ,9777.42 ,10221.10 ,8041160192.00 ,172099559942.00 
2018/2/1,10237.30 ,10288.80 ,8812.28 ,9170.54 ,9959400448.00 ,154428564694.00 
2018/2/2,9142.28 ,9142.28 ,7796.49 ,8830.75 ,12726899712.00 ,148725283812.00 
2018/2/5,8270.54 ,8364.84 ,6756.68 ,6955.27 ,9285289984.00 ,117184385122.00 
2018/2/6,7051.75 ,7850.70 ,6048.26 ,7754.00 ,13999800320.00 ,130658094648.00 
2018/2/7,7755.49 ,8509.11 ,7236.79 ,7621.30 ,9169280000.00 ,128435001186.00 
2018/2/8,7637.86 ,8558.77 ,7637.86 ,8265.59 ,9346750464.00 ,139306699929.00 
2018/2/9,8271.84 ,8736.98 ,7884.71 ,8736.98 ,6784820224.00 ,147266052809.00 
2018/2/12,8141.43 ,8985.92 ,8141.43 ,8926.57 ,6256439808.00 ,150513128412.00 
2018/2/13,8926.72 ,8958.47 ,8455.41 ,8598.31 ,5696719872.00 ,144995984203.00 
2018/2/14,8599.92 ,9518.54 ,8599.92 ,9494.63 ,7909819904.00 ,160131558835.00 
2018/2/22,10660.40 ,11039.10 ,9939.09 ,10005.00 ,8040079872.00 ,168892273935.00 
2018/2/23,9937.07 ,10487.30 ,9734.56 ,10301.10 ,7739500032.00 ,173909350860.00 
2018/2/26,9669.43 ,10475.00 ,9501.73 ,10366.70 ,7287690240.00 ,175076064010.00 
2018/2/27,10393.90 ,10878.50 ,10246.10 ,10725.60 ,6966179840.00 ,181158869820.00 
2018/2/28,10687.20 ,11089.80 ,10393.10 ,10397.90 ,6936189952.00 ,175644310997.00 
2018/3/1,10385.00 ,11052.30 ,10352.70 ,10951.00 ,7317279744.00 ,185009753075.00 
2018/3/2,10977.40 ,11189.00 ,10850.10 ,11086.40 ,7620590080.00 ,187318996197.00 
2018/3/5,11532.40 ,11704.10 ,11443.90 ,11573.30 ,6468539904.00 ,195614809925.00 
2018/3/6,11500.10 ,11500.10 ,10694.30 ,10779.90 ,6832169984.00 ,182225316082.00 
2018/3/7,10803.90 ,10929.50 ,9692.12 ,9965.57 ,8797910016.00 ,168479670395.00 
2018/3/8,9951.44 ,10147.40 ,9335.87 ,9395.01 ,7186089984.00 ,158852238332.00 
2018/3/9,9414.69 ,9466.35 ,8513.03 ,9337.55 ,8704190464.00 ,157898203939.00 
2018/3/12,9602.93 ,9937.50 ,8956.43 ,9205.12 ,6457399808.00 ,155710928717.00 
2018/3/13,9173.04 ,9470.38 ,8958.19 ,9194.85 ,5991139840.00 ,155555594312.00 
2018/3/14,9214.65 ,9355.85 ,8068.59 ,8269.81 ,6438230016.00 ,139920843550.00 
2018/3/15,8290.76 ,8428.35 ,7783.05 ,8300.86 ,6834429952.00 ,140460819364.00 
2018/3/16,8322.91 ,8585.15 ,8005.31 ,8338.35 ,5289379840.00 ,141111773179.00 
2018/3/19,8344.12 ,8675.87 ,8182.40 ,8630.65 ,6729110016.00 ,146107514353.00 
2018/3/20,8619.67 ,9051.02 ,8389.89 ,8913.47 ,6361789952.00 ,150909503835.00 
2018/3/21,8937.48 ,9177.37 ,8846.33 ,8929.28 ,6043129856.00 ,151193917440.00 
2018/3/22,8939.44 ,9100.71 ,8564.90 ,8728.47 ,5530390016.00 ,147809220250.00 
2018/3/23,8736.25 ,8879.62 ,8360.62 ,8879.62 ,5954120192.00 ,150383574951.00 
2018/3/26,8498.47 ,8530.08 ,7921.43 ,8209.40 ,5921039872.00 ,139078211968.00 
2018/3/27,8200.00 ,8232.78 ,7797.28 ,7833.04 ,5378250240.00 ,132717053150.00 
2018/3/28,7836.83 ,8122.89 ,7809.17 ,7954.48 ,4935289856.00 ,134788265876.00 
2018/3/29,7979.07 ,7994.33 ,7081.38 ,7165.70 ,6361229824.00 ,121436043045.00 
2018/3/30,7171.45 ,7276.66 ,6683.93 ,6890.52 ,6289509888.00 ,116786562165.00 
2018/4/2,6844.86 ,7135.47 ,6816.58 ,7083.80 ,4333440000.00 ,120101932910.00 
2018/4/3,7102.26 ,7530.94 ,7072.49 ,7456.11 ,5499700224.00 ,126429245883.00 
2018/4/4,7456.41 ,7469.88 ,6803.88 ,6853.84 ,4936000000.00 ,116229557118.00 
2018/4/9,7044.32 ,7178.11 ,6661.99 ,6770.73 ,4894060032.00 ,114886335694.00 
2018/4/10,6795.44 ,6872.41 ,6704.15 ,6834.76 ,4272750080.00 ,115978358964.00 
2018/4/11,6843.47 ,6968.32 ,6817.59 ,6968.32 ,4641889792.00 ,118267198080.00 
2018/4/12,6955.38 ,7899.23 ,6806.51 ,7889.25 ,8906250240.00 ,133912618634.00 
2018/4/13,7901.09 ,8183.96 ,7758.93 ,7895.96 ,7764460032.00 ,134043001354.00 
2018/4/16,8337.57 ,8371.15 ,7925.73 ,8058.67 ,5631309824.00 ,136849408643.00 
2018/4/17,8071.66 ,8285.96 ,7881.72 ,7902.09 ,6900879872.00 ,134206623206.00 
2018/4/18,7944.43 ,8197.80 ,7886.01 ,8163.42 ,6529909760.00 ,138661092884.00 
2018/4/19,8159.27 ,8298.69 ,8138.78 ,8294.31 ,7063209984.00 ,140902801023.00 
2018/4/20,8286.88 ,8880.23 ,8244.54 ,8845.83 ,8438110208.00 ,150287113368.00 
2018/4/23,8794.39 ,8958.55 ,8788.81 ,8930.88 ,6925190144.00 ,151784994312.00 
2018/4/24,8934.34 ,9732.61 ,8927.83 ,9697.50 ,10678800384.00 ,164833256250.00 
2018/4/25,9701.03 ,9745.32 ,8799.84 ,8845.74 ,11083100160.00 ,150369282696.00 
2018/4/26,8867.32 ,9281.51 ,8727.09 ,9281.51 ,8970559488.00 ,157793327246.00 
2018/4/27,9290.63 ,9375.47 ,8987.05 ,8987.05 ,7566289920.00 ,152802874822.00 
2018/5/2,9104.60 ,9256.52 ,9015.14 ,9235.92 ,7558159872.00 ,157119854754.00 
2018/5/3,9233.97 ,9798.33 ,9188.15 ,9743.86 ,10207299584.00 ,165778380092.00 
2018/5/4,9695.50 ,9779.20 ,9585.96 ,9700.76 ,8217829888.00 ,165062796742.00 
2018/5/7,9645.67 ,9665.85 ,9231.53 ,9373.01 ,7394019840.00 ,159538115686.00 
2018/5/8,9380.87 ,9462.75 ,9127.77 ,9234.82 ,7415869952.00 ,157202142973.00 
2018/5/9,9223.73 ,9374.76 ,9031.62 ,9325.18 ,7226890240.00 ,158758858205.00 
2018/5/10,9325.96 ,9396.04 ,9040.52 ,9043.94 ,6906699776.00 ,153988453198.00 
2018/5/11,9052.96 ,9052.96 ,8394.46 ,8441.49 ,8488520192.00 ,143743802092.00 
2018/5/14,8713.10 ,8881.12 ,8367.97 ,8716.79 ,7364149760.00 ,148480275422.00 
2018/5/15,8705.19 ,8836.19 ,8456.45 ,8510.38 ,6705710080.00 ,144979744412.00 
2018/5/16,8504.41 ,8508.43 ,8175.49 ,8368.83 ,6760220160.00 ,142587497878.00 
2018/5/17,8370.05 ,8445.54 ,8054.12 ,8094.32 ,5862530048.00 ,137923772714.00 
2018/5/18,8091.83 ,8274.12 ,7974.82 ,8250.97 ,5764190208.00 ,140607667610.00 
2018/5/21,8522.33 ,8557.52 ,8365.12 ,8418.99 ,5154990080.00 ,143518943480.00 
2018/5/22,8419.87 ,8423.25 ,8004.58 ,8041.78 ,5137010176.00 ,137104106176.00 
2018/5/23,8037.08 ,8054.66 ,7507.88 ,7557.82 ,6491120128.00 ,128868479514.00 
2018/5/24,7561.12 ,7738.60 ,7331.14 ,7587.34 ,6049220096.00 ,129385391552.00 
2018/5/25,7592.30 ,7659.14 ,7392.65 ,7480.14 ,4867829760.00 ,127573690458.00 
2018/5/28,7371.31 ,7419.05 ,7100.89 ,7135.99 ,5040600064.00 ,121747389422.00 
2018/5/29,7129.46 ,7526.42 ,7090.68 ,7472.59 ,5662660096.00 ,127502651064.00 
2018/5/30,7469.73 ,7573.77 ,7313.60 ,7406.52 ,4922540032.00 ,126391893474.00 
2018/5/31,7406.15 ,7608.90 ,7361.13 ,7494.17 ,5127130112.00 ,127902999390.00 
2018/6/1,7500.70 ,7604.73 ,7407.34 ,7541.45 ,4921460224.00 ,128725854692.00 
2018/6/4,7722.53 ,7753.82 ,7474.04 ,7514.47 ,4993169920.00 ,128312205314.00 
2018/6/5,7500.90 ,7643.23 ,7397.00 ,7633.76 ,4961739776.00 ,130365918088.00 
2018/6/6,7625.97 ,7680.43 ,7502.01 ,7653.98 ,4692259840.00 ,130725095161.00 
2018/6/7,7650.82 ,7741.27 ,7650.82 ,7678.24 ,4485799936.00 ,131153169176.00 
2018/6/8,7685.14 ,7698.19 ,7558.40 ,7624.92 ,4227579904.00 ,130256218613.00 
2018/6/11,6799.29 ,6910.18 ,6706.63 ,6906.92 ,4745269760.00 ,118025877189.00 
2018/6/12,6905.82 ,6907.96 ,6542.08 ,6582.36 ,4654380032.00 ,112491874164.00 
2018/6/13,6596.88 ,6631.66 ,6285.63 ,6349.90 ,5052349952.00 ,108530585830.00 
2018/6/14,6342.75 ,6707.14 ,6334.46 ,6675.35 ,5138710016.00 ,114106009748.00 
2018/6/15,6674.08 ,6681.08 ,6433.87 ,6456.58 ,3955389952.00 ,110378702283.00 
2018/6/19,6742.39 ,6822.50 ,6709.92 ,6769.94 ,4057029888.00 ,115789919278.00 
2018/6/20,6770.76 ,6821.56 ,6611.88 ,6776.55 ,3888640000.00 ,115916357344.00 
2018/6/21,6780.09 ,6810.94 ,6715.17 ,6729.74 ,3529129984.00 ,115129700024.00 
2018/6/22,6737.88 ,6747.08 ,6006.60 ,6083.69 ,5079810048.00 ,104088814967.00 
2018/6/25,6171.97 ,6327.37 ,6119.68 ,6249.18 ,5500810240.00 ,106958465208.00 
2018/6/26,6253.55 ,6290.16 ,6093.67 ,6093.67 ,3279759872.00 ,104307939200.00 
2018/6/27,6084.40 ,6180.00 ,6052.85 ,6157.13 ,3296219904.00 ,105403600614.00 
2018/6/28,6153.16 ,6170.41 ,5873.05 ,5903.44 ,3467800064.00 ,101072353482.00 
2018/6/29,5898.13 ,6261.66 ,5835.75 ,6218.30 ,3966230016.00 ,106474707240.00 
2018/7/2,6380.38 ,6683.86 ,6305.70 ,6614.18 ,4396930048.00 ,113288832522.00 
2018/7/3,6596.66 ,6671.37 ,6447.75 ,6529.59 ,4672309760.00 ,111849428104.00 
2018/7/4,6550.87 ,6771.92 ,6450.46 ,6597.55 ,4176689920.00 ,113024522547.00 
2018/7/5,6599.71 ,6749.54 ,6546.65 ,6639.14 ,4999240192.00 ,113748385620.00 
2018/7/6,6638.69 ,6700.94 ,6533.55 ,6673.50 ,4313959936.00 ,114350502582.00 
2018/7/9,6775.08 ,6838.68 ,6724.34 ,6741.75 ,3718129920.00 ,115557889495.00 
2018/7/10,6739.21 ,6767.74 ,6320.72 ,6329.95 ,4052430080.00 ,108511009626.00 
2018/7/11,6330.77 ,6444.96 ,6330.47 ,6394.71 ,3644859904.00 ,109631867446.00 
2018/7/12,6396.78 ,6397.10 ,6136.42 ,6228.81 ,3770170112.00 ,106798864820.00 
2018/7/13,6235.03 ,6310.55 ,6192.24 ,6238.05 ,3805400064.00 ,106968440793.00 
2018/7/16,6357.01 ,6741.75 ,6357.01 ,6741.75 ,4725799936.00 ,115638203962.00 
2018/7/17,6739.65 ,7387.24 ,6684.17 ,7321.04 ,5961950208.00 ,125588963706.00 
2018/7/18,7315.32 ,7534.99 ,7280.47 ,7370.78 ,6103410176.00 ,126458165406.00 
2018/7/19,7378.20 ,7494.46 ,7295.46 ,7466.86 ,5111629824.00 ,128122730711.00 
2018/7/20,7467.40 ,7594.67 ,7323.26 ,7354.13 ,4936869888.00 ,126202570251.00 
2018/7/23,7414.71 ,7771.50 ,7409.10 ,7711.11 ,5132480000.00 ,132375368459.00 
2018/7/24,7716.51 ,8424.27 ,7705.50 ,8424.27 ,7277689856.00 ,144634918474.00 
2018/7/25,8379.66 ,8416.87 ,8086.36 ,8181.39 ,5845400064.00 ,140482950401.00 
2018/7/26,8176.85 ,8290.33 ,7878.71 ,7951.58 ,4899089920.00 ,136553079708.00 
2018/7/27,7950.40 ,8262.66 ,7839.76 ,8165.01 ,5195879936.00 ,140235573607.00 
2018/7/30,8221.58 ,8235.50 ,7917.50 ,8180.48 ,5551400000.00 ,140547190784.00 
2018/7/31,8181.20 ,8181.53 ,7696.93 ,7780.44 ,5287530000.00 ,133688476220.00 
2018/8/1,7769.04 ,7769.04 ,7504.95 ,7624.91 ,4797620000.00 ,131030166771.00 
2018/8/2,7634.19 ,7712.77 ,7523.44 ,7567.15 ,4214110000.00 ,130052066760.00 
2018/8/3,7562.14 ,7562.14 ,7328.65 ,7434.39 ,4627150000.00 ,127785826655.00 
2018/8/6,7062.94 ,7166.55 ,6890.54 ,6951.80 ,3925900000.00 ,119531508535.00 
2018/8/7,6958.32 ,7146.56 ,6748.24 ,6753.12 ,4682800000.00 ,116128339800.00 
2018/8/8,6746.85 ,6746.85 ,6226.22 ,6305.80 ,5064430000.00 ,108448409560.00 
2018/8/9,6305.56 ,6625.73 ,6249.07 ,6568.23 ,4267040000.00 ,112973963230.00 
2018/8/10,6571.42 ,6591.26 ,6124.52 ,6184.71 ,4528680000.00 ,106390927598.00 
2018/8/13,6341.36 ,6537.05 ,6225.72 ,6297.57 ,4083980000.00 ,108369686635.00 
2018/8/14,6287.66 ,6287.94 ,5971.05 ,6199.71 ,5301700000.00 ,106696389129.00 
2018/8/15,6221.42 ,6588.49 ,6221.42 ,6308.52 ,4895450000.00 ,108581773101.00 
2018/8/16,6294.23 ,6473.50 ,6276.41 ,6334.73 ,4328420000.00 ,109045250379.00 
2018/8/17,6340.91 ,6582.50 ,6324.97 ,6580.63 ,4992990000.00 ,113290724406.00 
2018/8/20,6500.51 ,6536.92 ,6297.93 ,6308.53 ,3665100000.00 ,108642191682.00 
2018/8/21,6301.07 ,6500.87 ,6298.24 ,6488.76 ,3377180000.00 ,111758100192.00 
2018/8/22,6486.25 ,6816.79 ,6310.11 ,6376.71 ,4668110000.00 ,109840902181.00 
2018/8/23,6371.34 ,6546.54 ,6371.34 ,6534.88 ,3426180000.00 ,112577436411.00 
2018/8/24,6551.52 ,6719.96 ,6498.64 ,6719.96 ,4097820000.00 ,115778358839.00 
2018/8/27,6710.80 ,6884.64 ,6689.71 ,6884.64 ,4019000000.00 ,118657885712.00 
2018/8/28,6891.08 ,7109.56 ,6882.34 ,7096.28 ,4659940000.00 ,122319195736.00 
2018/8/29,7091.71 ,7113.30 ,6970.82 ,7047.16 ,4145880000.00 ,121484666374.00 
2018/8/30,7043.76 ,7072.69 ,6834.69 ,6978.23 ,4463250000.00 ,120309828156.00 
2018/8/31,6973.97 ,7057.17 ,6920.16 ,7037.58 ,4495650000.00 ,121346613238.00 
2018/9/3,7279.03 ,7317.94 ,7208.15 ,7260.06 ,4087760000.00 ,125222785390.00 
2018/9/4,7263.00 ,7388.26 ,7255.44 ,7361.66 ,4273640000.00 ,126986882925.00 
2018/9/5,7361.46 ,7388.43 ,6792.83 ,6792.83 ,5800460000.00 ,117185657641.00 
2018/9/6,6755.14 ,6755.14 ,6404.72 ,6529.17 ,5523470000.00 ,112649565532.00 
2018/9/7,6528.92 ,6555.29 ,6396.87 ,6467.07 ,4264680000.00 ,111590424587.00 
2018/9/10,6301.57 ,6374.98 ,6292.76 ,6329.70 ,3714100000.00 ,109255603474.00 
2018/9/11,6331.88 ,6398.92 ,6260.21 ,6321.20 ,3849910000.00 ,109119948884.00 
2018/9/12,6317.01 ,6363.87 ,6265.09 ,6351.80 ,4064230000.00 ,109661521297.00 
2018/9/13,6354.24 ,6535.41 ,6354.24 ,6517.31 ,4210910000.00 ,112530970182.00 
2018/9/14,6515.41 ,6596.10 ,6456.17 ,6512.71 ,4076220000.00 ,112462453186.00 
2018/9/17,6514.06 ,6540.21 ,6257.52 ,6281.20 ,3910780000.00 ,108497127334.00 
2018/9/18,6280.91 ,6384.18 ,6265.71 ,6371.30 ,4180090000.00 ,110064685348.00 
2018/9/19,6371.85 ,6448.46 ,6208.34 ,6398.54 ,4431340000.00 ,110547735544.00 
2018/9/20,6398.85 ,6529.26 ,6395.95 ,6519.67 ,4348110000.00 ,112653130183.00 
2018/9/21,6513.87 ,6794.33 ,6496.36 ,6734.95 ,6531940000.00 ,116385068032.00 
2018/9/25,6603.64 ,6603.64 ,6381.86 ,6446.47 ,4726180000.00 ,111450035114.00 
2018/9/26,6452.79 ,6585.91 ,6397.89 ,6495.00 ,4437300000.00 ,112300336125.00 
2018/9/27,6495.29 ,6712.10 ,6464.95 ,6676.75 ,4606810000.00 ,115454861756.00 
2018/9/28,6678.75 ,6785.03 ,6598.32 ,6644.13 ,5014430000.00 ,114903584220.00 
2018/10/8,6600.19 ,6675.06 ,6576.04 ,6652.23 ,3979460000.00 ,115162906843.00 
2018/10/9,6653.08 ,6661.41 ,6606.94 ,6642.64 ,3580810000.00 ,115007759484.00 
2018/10/10,6640.29 ,6640.29 ,6538.96 ,6585.53 ,3787650000.00 ,114030835912.00 
2018/10/11,6586.74 ,6586.74 ,6243.74 ,6256.24 ,5181640000.00 ,108341572839.00 
2018/10/12,6239.25 ,6328.50 ,6236.47 ,6274.58 ,3783500000.00 ,108669526315.00 
2018/10/15,6292.64 ,6965.06 ,6258.68 ,6596.54 ,7370770000.00 ,114280022340.00 
2018/10/16,6601.41 ,6673.59 ,6571.37 ,6596.11 ,4074800000.00 ,114283707152.00 
2018/10/17,6590.52 ,6601.21 ,6517.45 ,6544.43 ,4088420000.00 ,113399343801.00 
2018/10/18,6542.33 ,6567.54 ,6450.04 ,6476.71 ,3924080000.00 ,112237252159.00 
2018/10/19,6478.07 ,6493.68 ,6445.31 ,6465.41 ,3578870000.00 ,112052990522.00 
2018/10/22,6486.05 ,6543.80 ,6462.98 ,6487.16 ,3672860000.00 ,112465213723.00 
2018/10/23,6472.36 ,6506.01 ,6451.27 ,6475.74 ,3716150000.00 ,112279779884.00 
2018/10/24,6478.89 ,6521.99 ,6468.86 ,6495.84 ,3424670000.00 ,112637293966.00 
2018/10/25,6484.65 ,6504.65 ,6447.03 ,6476.29 ,3230550000.00 ,112309554478.00 
2018/10/26,6468.44 ,6498.29 ,6449.61 ,6474.75 ,3306050000.00 ,112294341019.00 
2018/10/29,6492.35 ,6503.60 ,6306.99 ,6332.63 ,4199910000.00 ,109862898081.00 
2018/10/30,6337.04 ,6364.99 ,6310.14 ,6334.27 ,3781100000.00 ,109903543419.00 
2018/10/31,6336.99 ,6349.16 ,6316.88 ,6317.61 ,4191240000.00 ,109627117226.00 
2018/11/1,6318.14 ,6547.14 ,6311.83 ,6377.78 ,3789400000.00 ,110683820788.00 
2018/11/2,6378.92 ,6396.86 ,6327.38 ,6388.44 ,4234870000.00 ,110880236966.00 
2018/11/5,6363.62 ,6480.59 ,6363.62 ,6419.66 ,4174800000.00 ,111456211022.00 
2018/11/6,6433.38 ,6463.55 ,6408.16 ,6461.01 ,4700040000.00 ,112095603776.00 
2018/11/7,6468.50 ,6552.16 ,6468.31 ,6530.14 ,4941260000.00 ,113395632955.00 
2018/11/8,6522.27 ,6536.92 ,6438.53 ,6453.72 ,4665260000.00 ,112078367037.00 
2018/11/9,6442.60 ,6456.46 ,6373.37 ,6385.62 ,4346820000.00 ,110905767441.00 
2018/11/12,6411.76 ,6434.21 ,6360.47 ,6371.27 ,4295770000.00 ,110689666528.00 
2018/11/13,6373.19 ,6395.27 ,6342.67 ,6359.49 ,4503800000.00 ,110494466204.00 
2018/11/14,6351.24 ,6371.55 ,5544.09 ,5738.35 ,7398940000.00 ,99712077259.00 
2018/11/15,5736.15 ,5774.82 ,5358.38 ,5648.03 ,7032140000.00 ,98151606541.00 
2018/11/16,5645.32 ,5657.02 ,5498.94 ,5575.55 ,5279320000.00 ,96900828780.00 
2018/11/19,5620.78 ,5620.78 ,4842.91 ,4871.49 ,7039560000.00 ,84688539692.00 
2018/11/20,4863.93 ,4951.61 ,4272.11 ,4451.87 ,8428290000.00 ,77401044320.00 
2018/11/21,4465.54 ,4675.73 ,4343.98 ,4602.17 ,6120120000.00 ,80020171047.00 
2018/11/22,4611.57 ,4629.64 ,4365.64 ,4365.94 ,4569370000.00 ,75919439809.00 
2018/11/23,4360.70 ,4396.42 ,4195.68 ,4347.11 ,4871490000.00 ,75598851166.00 
2018/11/26,4015.07 ,4107.14 ,3643.92 ,3779.13 ,6476900000.00 ,65739289046.00 
2018/11/27,3765.95 ,3862.96 ,3661.01 ,3820.72 ,5998720000.00 ,66468970322.00 
2018/11/28,3822.47 ,4385.90 ,3822.47 ,4257.42 ,7280280000.00 ,74072560088.00 
2018/11/29,4269.00 ,4413.02 ,4145.77 ,4278.85 ,6503347767.00 ,74451016927.00 
2018/11/30,4289.09 ,4322.98 ,3942.82 ,4017.27 ,6048016717.00 ,69904637061.00 
2018/12/3,4147.32 ,4155.98 ,3840.45 ,3894.13 ,5089570994.00 ,67779050170.00 
2018/12/4,3886.29 ,4075.63 ,3832.75 ,3956.89 ,5028069239.00 ,68878292608.00 
2018/12/5,3958.89 ,3969.54 ,3753.99 ,3753.99 ,5302481574.00 ,65352496336.00 
2018/12/6,3754.07 ,3874.97 ,3521.10 ,3521.10 ,5878333109.00 ,61303965508.00 
2018/12/7,3512.59 ,3512.59 ,3280.23 ,3419.94 ,6835615448.00 ,59547645578.00 
2018/12/10,3612.05 ,3647.33 ,3470.14 ,3502.66 ,5020968740.00 ,61004445982.00 
2018/12/11,3497.55 ,3513.18 ,3392.25 ,3424.59 ,4696765188.00 ,59650201102.00 
2018/12/12,3421.46 ,3534.23 ,3413.48 ,3486.95 ,4139364829.00 ,60741625426.00 
2018/12/13,3487.88 ,3489.74 ,3298.13 ,3313.68 ,4343372456.00 ,57728688216.00 
2018/12/14,3311.75 ,3329.56 ,3206.54 ,3242.48 ,4372763663.00 ,56494379457.00 
2018/12/17,3253.12 ,3597.92 ,3253.12 ,3545.86 ,5409247918.00 ,61798926687.00 
2018/12/18,3544.76 ,3701.35 ,3487.17 ,3696.06 ,5911325473.00 ,64422587801.00 
2018/12/19,3706.82 ,3949.32 ,3687.23 ,3745.95 ,6810689119.00 ,65299132785.00 
2018/12/20,3742.20 ,4191.23 ,3728.97 ,4134.44 ,8927129279.00 ,72078243771.00 
2018/12/21,4133.70 ,4198.43 ,3850.95 ,3896.54 ,7206015706.00 ,67937650255.00 
2018/12/24,4000.33 ,4271.79 ,4000.33 ,4078.60 ,7240968501.00 ,71137548589.00 
2018/12/25,4081.03 ,4089.56 ,3760.02 ,3815.49 ,6158207293.00 ,66556033172.00 
2018/12/26,3819.67 ,3893.36 ,3769.86 ,3857.30 ,5326547918.00 ,67292819465.00 
2018/12/27,3854.69 ,3874.42 ,3645.45 ,3654.83 ,5130222366.00 ,63768757101.00 
2018/12/28,3653.13 ,3956.14 ,3642.63 ,3923.92 ,5631554348.00 ,68471837969.00 
2019/1/2,3849.22 ,3947.98 ,3817.41 ,3943.41 ,5244856836.00 ,68849856732.00 
2019/1/3,3931.05 ,3935.69 ,3826.22 ,3836.74 ,4530215219.00 ,66994920903.00 
2019/1/4,3832.04 ,3865.93 ,3783.85 ,3857.72 ,4847965467.00 ,67368333500.00 
2019/1/7,4078.59 ,4092.61 ,4020.89 ,4025.25 ,5228625637.00 ,70316305580.00 
2019/1/8,4028.47 ,4109.02 ,3996.96 ,4030.85 ,5306593305.00 ,70422743854.00 
2019/1/9,4031.55 ,4068.40 ,4022.66 ,4035.30 ,5115905225.00 ,70508733459.00 
2019/1/10,4034.41 ,4064.07 ,3659.17 ,3678.92 ,6874143796.00 ,64288932886.00 
2019/1/11,3674.02 ,3713.88 ,3653.07 ,3687.37 ,5538712865.00 ,64443301117.00 
2019/1/14,3557.31 ,3727.84 ,3552.29 ,3706.05 ,5651384490.00 ,64789619995.00 
2019/1/15,3704.22 ,3720.15 ,3619.95 ,3630.68 ,5537192302.00 ,63477817959.00 
2019/1/16,3631.51 ,3685.78 ,3624.67 ,3655.01 ,5394457145.00 ,63909348776.00 
2019/1/17,3651.87 ,3680.14 ,3621.96 ,3678.56 ,5464420383.00 ,64327048255.00 
2019/1/18,3677.99 ,3682.52 ,3637.08 ,3657.84 ,5002961727.00 ,63970991867.00 
2019/1/21,3600.37 ,3608.84 ,3558.54 ,3576.03 ,5004347059.00 ,62559869612.00 
2019/1/22,3575.08 ,3620.75 ,3539.72 ,3604.58 ,5313623556.00 ,63065139424.00 
2019/1/23,3605.56 ,3623.07 ,3565.31 ,3585.12 ,5433755649.00 ,62731361272.00 
2019/1/24,3584.50 ,3616.09 ,3569.09 ,3600.87 ,5262869046.00 ,63014066012.00 
2019/1/25,3607.39 ,3612.93 ,3575.60 ,3599.77 ,5265847539.00 ,63000985908.00 
2019/1/28,3584.28 ,3586.75 ,3439.23 ,3470.45 ,6908930483.00 ,60756570314.00 
2019/1/29,3468.87 ,3476.07 ,3400.82 ,3448.12 ,5897159493.00 ,60371874099.00 
2019/1/30,3443.90 ,3495.17 ,3429.39 ,3486.18 ,5955112627.00 ,61044262622.00 
2019/1/31,3485.41 ,3504.80 ,3447.92 ,3457.79 ,5831198271.00 ,60553903928.00 
2019/2/1,3460.55 ,3501.95 ,3431.59 ,3487.95 ,5422926707.00 ,61088747491.00 
2019/2/11,3695.61 ,3695.61 ,3642.29 ,3648.43 ,6277056434.00 ,63968390250.00 
2019/2/12,3642.75 ,3668.59 ,3618.56 ,3653.53 ,6480384532.00 ,64063755250.00 
2019/2/13,3653.60 ,3669.75 ,3617.25 ,3632.07 ,6438903823.00 ,63694394519.00 
2019/2/14,3631.17 ,3646.26 ,3607.70 ,3616.88 ,6271044418.00 ,63434486052.00 
2019/2/15,3617.37 ,3647.80 ,3608.21 ,3620.81 ,6091952231.00 ,63509111125.00 
2019/2/18,3671.37 ,3936.67 ,3669.98 ,3915.71 ,9908216640.00 ,68704389994.00 
2019/2/19,3911.66 ,4010.88 ,3908.15 ,3947.09 ,9933626655.00 ,69262673238.00 
2019/2/20,3946.68 ,4000.49 ,3926.25 ,3999.82 ,8693373948.00 ,70194350042.00 
2019/2/21,4000.26 ,4010.01 ,3940.11 ,3954.12 ,7775128102.00 ,69398333876.00 
2019/2/22,3952.41 ,4006.54 ,3950.82 ,4005.53 ,7826525254.00 ,70308555857.00 
2019/2/25,3807.00 ,3913.71 ,3807.00 ,3882.70 ,9318796067.00 ,68173204651.00 
2019/2/26,3878.70 ,3891.58 ,3837.99 ,3854.36 ,7931218996.00 ,67683296223.00 
2019/2/27,3857.48 ,3888.80 ,3787.06 ,3851.05 ,8301309684.00 ,67631949500.00 
2019/2/28,3848.26 ,3906.06 ,3845.82 ,3854.79 ,8399767798.00 ,67704774107.00 
2019/3/1,3853.76 ,3907.80 ,3851.69 ,3859.58 ,7661247975.00 ,67796965743.00 
2019/3/4,3845.09 ,3867.38 ,3733.75 ,3761.56 ,9029175788.00 ,66094551587.00 
2019/3/5,3759.83 ,3903.92 ,3745.18 ,3896.38 ,10174126415.00 ,68470655400.00 
2019/3/6,3897.08 ,3919.51 ,3871.46 ,3903.94 ,9175291529.00 ,68609885776.00 
2019/3/7,3903.38 ,3939.37 ,3894.11 ,3911.48 ,9584165519.00 ,68749421311.00 
2019/3/8,3913.23 ,3950.43 ,3875.23 ,3901.13 ,10638638944.00 ,68574579320.00 
2019/3/11,3953.74 ,3966.38 ,3889.24 ,3905.23 ,10125901903.00 ,68666928026.00 
2019/3/12,3903.76 ,3926.89 ,3863.56 ,3909.16 ,9809887079.00 ,68743000581.00 
2019/3/13,3913.05 ,3926.60 ,3891.90 ,3906.72 ,9469184841.00 ,68706700381.00 
2019/3/14,3905.58 ,3946.50 ,3901.30 ,3924.37 ,10480789570.00 ,69024696307.00 
2019/3/15,3926.66 ,3968.54 ,3914.02 ,3960.91 ,9394210605.00 ,69675002377.00 
2019/3/18,4029.97 ,4071.56 ,4009.12 ,4032.51 ,9646954186.00 ,70958165407.00 
2019/3/19,4032.69 ,4082.22 ,4023.81 ,4071.19 ,9344919956.00 ,71647703828.00 
2019/3/20,4070.79 ,4089.46 ,4031.11 ,4087.48 ,10175916388.00 ,71942444088.00 
2019/3/21,4083.95 ,4097.36 ,4005.15 ,4029.33 ,10831212662.00 ,70926226882.00 
2019/3/22,4028.51 ,4053.91 ,4021.54 ,4023.97 ,9252935969.00 ,70840048102.00 
2019/3/25,4024.11 ,4038.84 ,3934.03 ,3963.07 ,10359818883.00 ,69789872373.00 
2019/3/26,3969.23 ,3985.08 ,3944.75 ,3985.08 ,10707678815.00 ,70184147203.00 
2019/3/27,3984.24 ,4087.07 ,3977.81 ,4087.07 ,10897131934.00 ,71987847571.00 
2019/3/28,4087.58 ,4094.90 ,4040.27 ,4069.11 ,9353915899.00 ,71678998915.00 
2019/3/29,4068.30 ,4113.50 ,4034.10 ,4098.37 ,10918665557.00 ,72202088875.00 
2019/4/1,4105.36 ,4164.95 ,4096.90 ,4158.18 ,10157794171.00 ,73269368747.00 
2019/4/2,4156.92 ,4905.95 ,4155.32 ,4879.88 ,21315047816.00 ,85986009273.00 
2019/4/3,4879.96 ,5307.00 ,4876.62 ,4973.02 ,22899891582.00 ,87655288145.00 
2019/4/4,4971.31 ,5063.16 ,4836.79 ,4922.80 ,18251810240.00 ,86778727821.00 
2019/4/8,5199.84 ,5318.84 ,5148.21 ,5289.77 ,17154113634.00 ,93286365973.00 
2019/4/9,5289.92 ,5289.92 ,5167.42 ,5204.96 ,14722104361.00 ,91799330425.00 
2019/4/10,5204.11 ,5421.65 ,5193.38 ,5324.55 ,15504590933.00 ,93918439274.00 
2019/4/11,5325.08 ,5354.23 ,5017.30 ,5064.49 ,16555616019.00 ,89341168457.00 
2019/4/12,5061.20 ,5103.27 ,4955.85 ,5089.54 ,13675206313.00 ,89792633045.00 
2019/4/15,5167.32 ,5196.61 ,5024.07 ,5067.11 ,12290155061.00 ,89422237603.00 
2019/4/16,5066.58 ,5238.95 ,5055.19 ,5235.56 ,11618660197.00 ,92404613297.00 
2019/4/17,5236.14 ,5274.28 ,5219.21 ,5251.94 ,12438480677.00 ,92702617458.00 
2019/4/18,5251.48 ,5319.99 ,5250.51 ,5298.39 ,13256489918.00 ,93532402741.00 
2019/4/19,5298.15 ,5336.68 ,5233.34 ,5303.81 ,13780238655.00 ,93638345002.00 
2019/4/22,5312.49 ,5422.69 ,5280.28 ,5399.37 ,14601631648.00 ,95354207776.00 
2019/4/23,5399.37 ,5633.80 ,5389.41 ,5572.36 ,15867308108.00 ,98417387004.00 
2019/4/24,5571.51 ,5642.04 ,5418.26 ,5464.87 ,17048033399.00 ,96530038144.00 
2019/4/25,5466.52 ,5542.24 ,5181.34 ,5210.52 ,15330283408.00 ,92046492864.00 
2019/4/26,5210.30 ,5383.63 ,5177.37 ,5279.35 ,16812108040.00 ,93272287960.00 
2019/4/29,5284.86 ,5311.27 ,5216.49 ,5247.35 ,13735490672.00 ,92737510865.00 
2019/4/30,5247.73 ,5363.26 ,5224.19 ,5350.73 ,13878964574.00 ,94573826828.00 
2019/5/6,5791.69 ,5802.96 ,5653.69 ,5746.81 ,15737171804.00 ,101640471056.00 
2019/5/7,5745.60 ,5988.18 ,5741.40 ,5829.50 ,18026409033.00 ,103112368557.00 
2019/5/8,5849.48 ,5989.98 ,5794.72 ,5982.46 ,15320605300.00 ,105829143585.00 
2019/5/9,5982.32 ,6183.04 ,5982.32 ,6174.53 ,16784645411.00 ,109238600750.00 
2019/5/10,6175.82 ,6434.62 ,6161.52 ,6378.85 ,19419875368.00 ,112863284035.00 
2019/5/13,6971.18 ,8047.41 ,6898.28 ,7814.92 ,28677672182.00 ,138316573807.00 
2019/5/14,7807.88 ,8268.71 ,7696.39 ,7994.42 ,32031452227.00 ,141508656735.00 
2019/5/15,7989.37 ,8216.42 ,7899.11 ,8205.17 ,28344112920.00 ,145254332460.00 
2019/5/16,8194.50 ,8320.82 ,7729.61 ,7884.91 ,33167197581.00 ,139599559278.00 
2019/5/17,7886.93 ,7929.15 ,7038.12 ,7343.90 ,30066644905.00 ,130034777633.00 
2019/5/20,8196.92 ,8200.97 ,7678.78 ,7978.31 ,23843404340.00 ,141315695728.00 
2019/5/21,7977.97 ,8062.17 ,7843.34 ,7963.33 ,25127245056.00 ,141065573610.00 
2019/5/22,7956.29 ,7997.61 ,7615.99 ,7680.07 ,24719473175.00 ,136063898960.00 
2019/5/23,7677.27 ,7943.79 ,7533.20 ,7881.85 ,24457107820.00 ,139654107035.00 
2019/5/24,7881.70 ,8140.72 ,7824.45 ,7987.37 ,25919126991.00 ,141539115575.00 
2019/5/27,8674.07 ,8907.17 ,8668.70 ,8805.78 ,27949839564.00 ,156093754762.00 
2019/5/28,8802.76 ,8807.02 ,8634.72 ,8719.96 ,24226919267.00 ,154590202287.00 
2019/5/29,8718.59 ,8755.85 ,8482.73 ,8659.49 ,23473479966.00 ,153537047655.00 
2019/5/30,8661.76 ,9008.31 ,8221.27 ,8319.47 ,29246528551.00 ,147525141134.00 
2019/5/31,8320.29 ,8586.66 ,8172.55 ,8574.50 ,25365190957.00 ,152059886414.00 
2019/6/3,8741.75 ,8743.50 ,8204.19 ,8208.99 ,22004511436.00 ,145619047341.00 
2019/6/4,8210.99 ,8210.99 ,7564.49 ,7707.77 ,24609731549.00 ,136742790469.00 
2019/6/5,7704.34 ,7901.85 ,7668.67 ,7824.23 ,21760923463.00 ,138824651666.00 
2019/6/6,7819.63 ,7937.34 ,7571.47 ,7822.02 ,19474611077.00 ,138800725479.00 
2019/6/10,7692.28 ,8031.91 ,7586.73 ,8000.33 ,18689275118.00 ,142023351079.00 
2019/6/11,8004.24 ,8026.39 ,7772.80 ,7927.71 ,17107279932.00 ,140748537530.00 
2019/6/12,7925.43 ,8196.65 ,7862.36 ,8145.86 ,19034432883.00 ,144634684711.00 
2019/6/13,8145.55 ,8311.57 ,8087.06 ,8230.92 ,18669407147.00 ,146160317148.00 
2019/6/14,8230.90 ,8710.64 ,8183.39 ,8693.83 ,19831162906.00 ,154398880249.00 
2019/6/17,8988.92 ,9416.41 ,8988.92 ,9320.35 ,15562951919.00 ,165573372261.00 
2019/6/18,9335.47 ,9348.37 ,9004.90 ,9081.76 ,15848210536.00 ,161353637186.00 
2019/6/19,9078.73 ,9299.62 ,9070.40 ,9273.52 ,15546809946.00 ,164780855869.00 
2019/6/20,9273.06 ,9594.42 ,9232.48 ,9527.16 ,17846823784.00 ,169304784791.00 
2019/6/21,9525.07 ,10144.56 ,9525.07 ,10144.56 ,20624008643.00 ,180293241528.00 
2019/6/24,10853.74 ,11065.90 ,10610.43 ,11011.10 ,19271652365.00 ,195762668679.00 
2019/6/25,11007.20 ,11790.92 ,11007.20 ,11790.92 ,24879684533.00 ,209647943360.00 
2019/6/26,11778.58 ,13796.49 ,11755.60 ,13016.23 ,45105733173.00 ,231462117209.00 
2019/6/27,13017.12 ,13311.14 ,10491.85 ,11182.81 ,39977475223.00 ,198878940964.00 
2019/6/28,11162.17 ,12445.18 ,10914.49 ,12407.33 ,35087757766.00 ,220681459666.00 
2019/7/1,10796.93 ,11206.44 ,10089.31 ,10583.13 ,29378589324.00 ,188297637574.00 
2019/7/2,10588.68 ,10912.19 ,9737.88 ,10801.68 ,31015895223.00 ,192206536806.00 
2019/7/3,10818.16 ,11968.08 ,10818.16 ,11961.27 ,30796494294.00 ,212867079175.00 
2019/7/4,11972.72 ,12006.08 ,11166.57 ,11215.44 ,25920294033.00 ,199617404432.00 
2019/7/5,11203.10 ,11395.66 ,10874.96 ,10978.46 ,23838480210.00 ,195424678267.00 
2019/7/8,11446.60 ,12345.83 ,11393.37 ,12285.96 ,23482551458.00 ,218778355444.00 
2019/7/9,12284.33 ,12779.13 ,12233.26 ,12573.81 ,28167921523.00 ,223928128583.00 
2019/7/10,12571.54 ,13129.53 ,11710.98 ,12156.51 ,33627574244.00 ,216515999522.00 
2019/7/11,12139.71 ,12144.62 ,11158.92 ,11358.66 ,28595327690.00 ,202324174692.00 
2019/7/12,11354.30 ,11905.49 ,11179.14 ,11815.99 ,23534692797.00 ,210494417832.00 
2019/7/15,10257.84 ,11052.77 ,9992.01 ,10895.09 ,25384047207.00 ,194147627475.00 
2019/7/16,10896.65 ,10996.63 ,9448.11 ,9477.64 ,24151199070.00 ,168908640950.00 
2019/7/17,9471.21 ,9963.13 ,9163.13 ,9693.80 ,24569921549.00 ,172777250515.00 
2019/7/18,9698.50 ,10736.84 ,9376.80 ,10666.48 ,25187024648.00 ,190129918121.00 
2019/7/19,10653.96 ,10716.98 ,10229.63 ,10530.73 ,20727426310.00 ,187725578628.00 
2019/7/22,10596.95 ,10651.79 ,10154.92 ,10343.11 ,16334414913.00 ,184443440748.00 
2019/7/23,10346.75 ,10346.75 ,9883.60 ,9900.77 ,17851916995.00 ,176572890702.00 
2019/7/24,9887.73 ,9908.80 ,9614.31 ,9811.93 ,17398734322.00 ,175005760794.00 
2019/7/25,9809.10 ,10154.25 ,9773.96 ,9911.84 ,15821952091.00 ,176806451137.00 
2019/7/26,9913.13 ,9916.52 ,9717.98 ,9870.30 ,14495714483.00 ,176085968354.00 
2019/7/29,9548.18 ,9681.65 ,9472.95 ,9519.15 ,13791445323.00 ,169880343827.00 
2019/7/30,9522.33 ,9701.76 ,9437.34 ,9607.42 ,13829811132.00 ,171472452506.00 
2019/7/31,9604.05 ,10085.63 ,9598.10 ,10085.63 ,16631520648.00 ,180028959603.00 
2019/8/1,10077.44 ,10446.92 ,9922.02 ,10399.67 ,17165337858.00 ,185653203391.00 
2019/8/2,10402.04 ,10657.95 ,10371.01 ,10518.17 ,17489094082.00 ,187791090996.00 
2019/8/5,10960.74 ,11895.09 ,10960.74 ,11805.65 ,23875988832.00 ,210848822060.00 
2019/8/6,11811.55 ,12273.82 ,11290.73 ,11478.17 ,23635107660.00 ,205023347814.00 
2019/8/7,11476.19 ,12036.99 ,11433.70 ,11941.97 ,22194988641.00 ,213330426789.00 
2019/8/8,11954.04 ,11979.42 ,11556.17 ,11966.41 ,19481591730.00 ,213788089212.00 
2019/8/9,11953.47 ,11970.46 ,11709.75 ,11862.94 ,18339989960.00 ,211961319133.00 
2019/8/12,11528.19 ,11528.19 ,11320.95 ,11382.62 ,13647198229.00 ,203441494985.00 
2019/8/13,11385.05 ,11420.05 ,10830.33 ,10895.83 ,16681503537.00 ,194762696644.00 
2019/8/14,10889.49 ,10889.56 ,10028.14 ,10051.70 ,19990838300.00 ,179692803424.00 
2019/8/15,10038.42 ,10437.41 ,9675.32 ,10311.55 ,22899115082.00 ,184357666577.00 
2019/8/16,10319.42 ,10524.35 ,9855.48 ,10374.34 ,20228207096.00 ,185500055339.00 
2019/8/19,10350.28 ,10916.05 ,10313.20 ,10916.05 ,16038264603.00 ,195243306008.00 
2019/8/20,10916.35 ,10947.04 ,10618.96 ,10763.23 ,15053082175.00 ,192530283565.00 
2019/8/21,10764.57 ,10798.73 ,9962.72 ,10138.05 ,19473084768.00 ,181364502142.00 
2019/8/22,10142.52 ,10233.00 ,9831.46 ,10131.06 ,17097508856.00 ,181257125783.00 
2019/8/23,10136.31 ,10442.44 ,10078.19 ,10407.97 ,15627023886.00 ,186231409722.00 
2019/8/26,10126.30 ,10512.33 ,10126.30 ,10370.82 ,18438654080.00 ,185625235889.00 
2019/8/27,10372.83 ,10381.33 ,10087.30 ,10185.50 ,14762609503.00 ,182325540955.00 
2019/8/28,10203.43 ,10279.37 ,9716.66 ,9754.42 ,17603790323.00 ,174627460400.00 
2019/8/29,9756.79 ,9756.79 ,9421.63 ,9510.20 ,17045878501.00 ,170274910132.00 
2019/8/30,9514.84 ,9656.12 ,9428.30 ,9598.17 ,13595263986.00 ,171869216524.00 
2019/9/2,9757.47 ,10396.59 ,9730.65 ,10346.76 ,17248102294.00 ,185333114163.00 
2019/9/3,10345.73 ,10736.10 ,10308.55 ,10623.54 ,19384917989.00 ,190312487956.00 
2019/9/4,10621.18 ,10762.64 ,10434.71 ,10594.49 ,16742664769.00 ,189810010608.00 
2019/9/5,10588.18 ,10627.27 ,10516.42 ,10575.53 ,14551239508.00 ,189492405383.00 
2019/9/6,10578.20 ,10898.76 ,10292.30 ,10353.30 ,19536574783.00 ,185530405363.00 
2019/9/9,10443.23 ,10450.31 ,10144.93 ,10334.97 ,17595943368.00 ,185263578990.00 
2019/9/10,10336.41 ,10394.35 ,10020.57 ,10115.98 ,14906809639.00 ,181360731383.00 
2019/9/11,10123.03 ,10215.95 ,9980.78 ,10178.37 ,15428063426.00 ,182502788242.00 
2019/9/12,10176.82 ,10442.25 ,10099.24 ,10410.13 ,15323563925.00 ,186678943059.00 
2019/9/16,10347.22 ,10386.87 ,10189.74 ,10276.79 ,15160167779.00 ,184366827555.00 
2019/9/17,10281.51 ,10296.77 ,10199.74 ,10241.27 ,15304603363.00 ,183748515828.00 
2019/9/18,10247.80 ,10275.93 ,10191.47 ,10198.25 ,16169268880.00 ,182998899156.00 
2019/9/19,10200.50 ,10295.67 ,9851.69 ,10266.41 ,19937691247.00 ,184240949577.00 
2019/9/20,10266.32 ,10285.87 ,10132.19 ,10181.64 ,14734189639.00 ,182738947696.00 
2019/9/23,10067.96 ,10074.24 ,46252.00 ,9729.32 ,15144925408.00 ,175000000000.00 
2019/9/24,9729.32 ,9804.32 ,44895.00 ,8620.57 ,25002886689.00 ,155000000000.00 
2019/9/25,8603.43 ,8744.83 ,44850.00 ,8486.99 ,21744728353.00 ,152000000000.00 
2019/9/26,8487.67 ,8515.69 ,44420.00 ,8118.97 ,19258205289.00 ,146000000000.00 
2019/9/27,8113.10 ,8271.52 ,44490.00 ,8251.85 ,16408941156.00 ,148000000000.00 
