Date,Bitcoin,ISG,IFG,DFG,DSG,UFE,SP500,NASDAQ,SH300,N225,FTSE,GDAXI,FCHI,HSI,USDX,UYE,EUE,UJE,GUE,UDE,CNH
2017/3/1,3.711568883,2.580305708,2.572604618,2.603753763,2.496731045,2.170041712,2.303759654,2.193520861,2.057103564,2.699554479,2.931130069,2.729837281,2.83442989,1.81450441,2.146843123,0.50221191,2.0856787,2.588584637,2.453198617,1.852650851,1.372649185
2017/3/2,3.763506026,2.917575018,2.902687346,2.224418868,2.305183621,1.982693014,1.947348719,2.073414963,2.439290189,1.798326772,1.226513802,1.353827907,1.396170002,2.921822604,1.843861163,0.53095317,1.844712102,2.213949055,1.773537906,1.927464851,1.272974201
2017/3/3,3.290269675,2.584114037,2.548438887,2.272210621,2.450929677,1.983682042,1.411042934,1.747346135,1.683819325,2.441222568,1.498373635,1.790903584,2.514953775,1.795181527,2.266250548,1.003931725,2.600765976,2.24515886,2.097699246,2.148815673,1.876809084
2017/3/6,2.332291897,2.461756975,2.439583812,2.137613523,1.900810075,1.885736253,1.655003616,1.783238687,2.044328008,1.439668153,1.706778351,2.003520287,1.752029524,1.735503281,1.797379224,0.641003088,1.950754024,1.757481176,1.975187806,1.531804882,0.908497266
2017/3/7,4.182096267,2.560621011,2.526233427,2.00945288,1.894923511,1.995876931,1.537707659,1.882727376,1.538121652,1.235705664,1.492144111,1.636612313,2.049361819,1.931719208,1.47666428,0.358078892,1.563056058,1.454321317,2.066408481,1.530909624,0.901480453
2017/3/8,4.396055665,2.490268637,2.43849557,1.83346801,2.213525284,1.25547422,1.767833832,1.704265918,1.658391129,2.028820807,1.798758636,2.209104828,2.281630608,2.50663987,1.681537982,0.906888685,1.494851196,2.438940621,1.969112583,2.183416052,1.544669467
2017/3/9,4.011124326,2.285516426,2.244857498,2.175772537,2.465104245,2.085453147,1.95540328,2.074829617,2.250939317,1.645913798,2.43558278,2.327505356,2.422581039,2.360467902,1.812654579,1.117089488,2.290723504,1.925440922,1.750196806,1.485813747,1.84212437
2017/3/10,5.243721376,2.458510974,2.414908502,2.48564497,2.631347922,1.918846305,1.901175718,1.986032591,1.415093844,2.443853807,2.205181626,2.522398889,1.991438336,2.085421859,2.297413275,0.638033555,2.625722783,2.149234428,1.55138636,2.080833016,1.627535603
2017/3/13,2.945802055,2.17588541,2.136298572,2.503863308,2.833166587,-0.78573855,1.049367774,1.177621874,2.719542716,1.99077888,1.708334936,1.697595579,1.825152781,2.706979119,-1.037411219,0.844012957,-1.129445119,-0.431423541,-0.419197937,-0.668997255,-0.917634866
2017/3/14,3.11049395,2.342499761,2.314632192,1.332131673,2.756246894,1.540003087,1.616757099,1.726242528,1.700121915,0.797190259,1.989516551,1.937603309,2.385765741,1.975595443,1.648573541,0.455299789,1.917241284,1.916350179,2.375485513,1.580698309,0.894041261
2017/3/15,2.391422306,3.163374334,3.174680732,1.9390952,1.536845465,2.650845571,2.31890181,2.336625676,1.824149173,1.519340643,1.388881127,1.55944601,1.679268959,2.255319485,2.672355055,-0.072755517,2.697569054,2.851561882,2.72800242,2.800854588,2.340118772
2017/3/16,4.611000697,2.701329825,2.700460428,3.171413229,3.082701745,2.056352527,1.660313528,1.551086621,1.878835613,2.270496218,2.466028296,2.348461047,1.818860245,2.604655835,1.790810587,0.901668961,1.968785372,1.877778875,2.54025928,1.879769759,1.877533941
2017/3/17,4.396806444,1.99454801,1.947647828,1.979928926,1.811468446,1.667489142,1.358275341,1.462358741,2.745984309,1.25409096,1.925437619,2.248829563,2.120790856,1.943093082,1.34643658,1.107898152,1.80556128,2.250846003,2.041858949,1.864536193,1.419889413
2017/3/20,3.360793638,1.849058802,1.831274303,1.888965169,1.881222502,1.42146324,1.564619407,1.658536644,2.089797716,1.811370046,1.651970106,1.541464474,1.782408071,2.187015266,1.608940394,-0.002706143,1.751912299,1.511470749,2.236524548,1.781379068,1.458897358
2017/3/21,4.25881464,2.981677954,2.974411858,2.161080918,1.861817352,2.233551543,2.968105303,3.292311135,1.94518936,2.168752161,2.520626115,2.803219048,2.687048957,1.987833454,2.239684104,1.251361599,2.376334705,2.602951356,2.655743309,2.154208591,1.530413053
2017/3/22,4.741081982,1.960632995,1.957886645,2.462064969,2.431198127,2.033534596,2.017780898,2.160429888,2.328470094,2.242574068,2.482784837,2.093805843,2.474029117,2.102849235,1.48445523,0.742204265,1.650154507,2.396770363,2.021642838,2.045099023,1.144356336
2017/3/23,3.465488605,2.342353272,2.293534037,1.674865102,1.181600289,1.308302644,2.104073939,1.954850835,2.45753545,2.069358444,1.803488443,2.645883907,2.485671882,2.220025573,1.027910704,0.382736329,1.37045576,2.299606113,1.846505344,1.308546289,0.736540685
2017/3/24,4.816029631,2.381867219,2.34011105,2.223345223,1.935274433,2.105602618,2.304676849,2.308508827,2.533862443,2.645484376,1.503254696,1.930530994,1.687086933,2.005786573,1.705305972,0.667319561,1.819843246,2.184791714,1.619811118,1.282881196,1.031179964
2017/3/27,4.438955045,2.661433741,2.743460356,2.661882421,2.550735992,2.280768836,2.4106912,2.758130241,2.336621257,2.235126083,2.545510694,2.042198396,2.375696797,2.63876745,2.048887507,0.898484974,2.134317427,2.27807158,2.444175885,1.96431647,1.784040718
2017/3/28,3.701627135,2.309452249,2.298801731,1.741489333,1.58272266,2.501027979,2.547069144,2.46166656,1.929361851,1.687207628,2.303232307,2.376809345,2.197610727,1.395021997,2.060175802,0.372215272,2.072496963,2.36371422,2.66054638,1.654703198,1.446428584
2017/3/29,3.773106883,1.926313392,1.926691866,2.14891172,2.008802474,2.015195565,1.623776174,1.764562799,2.208314596,1.644940642,2.235412724,1.604863052,1.877515932,1.884673332,1.742410392,-0.105906796,2.225821278,1.833513049,2.213218774,1.927464851,1.442185168
2017/3/30,3.4797934,2.372554109,2.424108738,1.503883321,1.041096087,2.056653025,1.748844059,1.487943628,2.706366756,2.349130952,1.938137184,1.695047709,1.840040846,2.142726078,2.064652923,0.167651223,2.370897925,2.347066965,2.410918951,1.879769759,1.031238134
2017/3/31,3.96558554,2.329314204,2.341873542,2.178956024,2.261185159,1.444909791,1.324217154,1.620104362,2.13952871,2.899649733,1.985984455,2.05091585,2.512792951,2.365170189,1.538043788,1.177869921,1.701707393,2.278397193,2.44880671,1.990825036,1.194974365
2017/4/5,3.086932035,2.58882124,2.544802243,1.406437302,2.474820287,2.035496477,2.603869105,2.747261354,2.268704675,2.324961471,1.852234804,2.026141527,2.093858516,2.406831016,1.624663316,0.717242939,1.778527413,2.258261817,1.946057597,1.685023507,0.876447638
2017/4/6,4.128386465,2.20517192,2.171681207,2.3255821,1.971671038,1.568222388,2.005973246,1.87493664,1.976700431,2.790226231,2.448995945,2.453992223,2.830047297,2.088923353,1.498967302,0.414946222,1.779090294,2.164417443,1.602943437,1.529791678,0.659207565
2017/4/7,3.120423155,2.948124461,2.944325836,3.019913151,2.957491299,2.048471733,1.846918417,1.966382817,1.897265701,2.804117064,2.3165576,2.020747329,2.122541364,2.610628459,2.153113589,0.771759045,2.217512986,2.55352662,2.345890797,2.043379576,0.867584121
2017/4/10,2.393254094,2.302151459,2.28219521,2.760872379,2.780801904,1.352642457,1.979063749,2.109783457,1.912373834,1.682183437,1.245372297,1.866381373,1.900755451,1.545218447,1.514785207,0.391520581,1.41569643,2.066541768,1.763566962,2.208056729,1.556200331
2017/4/11,2.983268673,3.022216871,3.024414821,2.121883324,2.049361182,1.491281838,2.173821597,2.460137371,2.875990296,1.870542523,2.44140406,2.786374959,2.440377969,2.690655701,1.732388478,1.010235495,1.708474044,2.646448982,2.138077753,1.41880985,0.446374498
2017/4/12,2.293866778,2.622915239,2.611278847,2.740665513,2.809296125,2.049266968,1.730629586,1.999945318,2.104961046,2.173648449,2.120923863,2.422383581,2.393436473,2.71984746,2.129762115,0.347143942,2.239923273,2.267202192,1.845145989,2.175890773,1.293681157
2017/4/13,3.872531829,1.896856733,1.81694057,2.452486434,4.141765407,1.909037545,2.248999104,2.314213068,1.96807525,2.240830612,2.061602218,1.699463695,1.85122767,2.343389097,1.926157341,0.811887272,2.007085553,1.94579395,1.926691866,2.296566507,1.1799758
2017/4/14,3.410773494,1.390505596,2.245111806,1.647171198,1.570613787,1.357211405,2.176604413,2.180638111,2.587757383,2.731172905,2.688229697,2.184881177,2.401722262,2.567046344,1.001313472,0.049151281,1.033377112,1.977031821,1.221636014,0.915616702,0.491180235
2017/4/17,3.071587889,2.550473426,2.543358699,2.51239685,2.121782347,1.743970672,2.098633991,2.026619974,2.186496925,2.149635393,3.073027237,2.510866928,2.756350249,2.750559359,1.858749113,0.139948793,1.993191562,2.280122363,1.89783021,1.740118481,0.428538975
2017/4/18,3.120607549,2.528837551,2.509900736,2.128662582,2.827752561,2.38897427,1.91255253,1.821494368,2.167526271,2.441488089,3.352151188,2.756782075,3.018872321,2.906292793,2.380554989,0.371590726,2.383978048,2.273068994,3.566798267,2.023224763,0.862432319
2017/4/19,2.29175325,2.752893417,2.738627407,2.304413281,1.972624321,1.47543033,2.152900894,2.013629345,2.612398184,2.170208852,1.779268662,1.298542813,1.960719768,2.099381339,1.608781058,0.606838451,1.40358756,2.145590334,2.098133256,2.302428037,0.694213175
2017/4/20,3.412909878,1.892782035,1.863899282,2.083714163,1.477809748,1.789991611,2.301502678,2.19172623,2.113253695,1.852308448,1.602004153,2.345522197,3.167925646,2.408132913,1.707878997,0.500918661,2.012076244,2.09850435,1.918435081,1.298030064,0.383622178
2017/4/21,2.948949087,2.240065706,2.199667867,1.485699351,1.168996048,1.598693808,1.740386298,1.347075339,2.154793013,1.877133541,1.586584184,2.058122419,2.479254904,2.245721772,1.482605722,0.395016176,1.792101008,1.745921002,1.932561667,1.740559741,0.833176099
2017/4/24,3.651877641,2.413967228,2.535616013,2.883574703,2.607641835,2.235661696,1.326575885,1.328585676,2.898642841,1.451423907,3.23579023,2.739297017,2.68107357,2.470932818,1.99926311,0.275595178,2.357003468,2.260824545,1.807443082,2.25618731,0.788884077
2017/4/25,2.77626913,2.761557906,2.736939135,1.769416719,1.929628571,1.772733113,1.695421035,1.850607989,2.200133796,2.685396635,1.621745755,1.394727265,1.99394011,2.483720408,1.819292537,-0.380440468,2.354247594,2.817867263,1.864367559,2.398195267,0.383099287
2017/4/26,3.254652068,2.309685754,2.394683414,1.737237759,3.461225099,1.772733113,1.699218046,1.294829601,2.209803659,1.956952495,1.847570816,1.39742479,1.739112768,1.745224811,1.953809062,0.236161852,2.31314988,2.23343398,1.663327271,1.923594842,0.941481834
2017/4/27,3.523306238,2.120977088,2.131726107,1.806407721,1.583970792,1.625347982,1.51056059,1.290066275,2.813685255,1.588961284,2.3308324,1.553489891,1.322482039,2.505310979,1.807179886,0.235276761,2.156528512,1.797287353,2.060133538,2.469432856,0.392389712
2017/4/28,3.527830234,1.697538866,1.641701421,1.34973632,2.230010417,2.032425773,1.694033298,1.843108801,2.026673146,1.786325048,1.990325857,1.488570743,1.587714305,1.826248018,1.83065143,0.437266249,2.259798115,1.894118034,1.935241282,1.813805086,0.67466272
2017/5/2,3.834149936,1.787624938,1.734783061,1.234275813,1.579875624,1.848743943,1.22839608,1.38303912,1.776337217,2.034653679,2.079404545,1.966755086,1.927141033,2.212626472,1.271172357,-0.432032779,1.576796346,1.710640048,1.924312222,2.193034592,0.658307801
2017/5/3,3.565518587,3.011385401,2.980519529,1.236743866,1.859062337,1.920861992,1.578378143,1.500002676,2.281315633,2.19805516,1.608762243,1.607789576,1.424548873,2.096625164,1.181553774,0.195024609,1.755534598,2.13158255,2.022771256,1.614072651,0.404976967
2017/5/4,4.472567801,2.72326382,2.700509878,2.922563591,4.067707303,2.408736587,1.673496182,1.611734796,2.317427128,2.337073434,2.157044577,2.291555714,2.68192425,1.9649918,2.168375238,-0.432134283,2.473673117,2.026738655,2.187346775,1.874470721,0.109301284
2017/5/5,4.158605554,2.252897779,2.212404511,2.371062966,2.804008325,1.675954405,1.558365169,1.846797732,2.283475028,2.457886258,2.467945937,2.443342885,2.946724368,2.558210609,1.612984499,0.763710828,1.67408684,1.994670873,2.008190131,2.549627924,0.966428382
2017/5/8,4.471198416,2.697140271,2.698097836,1.677910346,3.123739544,2.612758761,1.270311654,1.468624139,2.470282505,2.56458739,1.748454138,2.223773396,2.668067019,1.934487587,1.90749067,0.20749238,2.406207524,2.219872186,1.686971524,2.043124674,0.630518292
2017/5/9,4.328343669,2.645572797,2.6050851,2.058299459,2.272186698,2.568055144,1.699468603,1.561458859,2.347407203,1.514459899,2.219213854,1.965759102,1.419686386,2.761824244,1.960856227,-0.312933499,2.011983172,2.494183819,1.655797907,1.938460759,0.620550954
2017/5/10,3.815309398,2.122985559,2.053981881,1.982998095,2.238595666,1.69936853,1.202756009,1.650687743,2.437660195,1.426940412,2.35006399,1.69387376,1.65571278,2.368804413,1.426455574,0.220589497,1.580009284,2.008380173,1.703347858,1.975609869,0.390666672
2017/5/11,4.31798167,2.382424458,2.316743234,1.64507874,1.67853846,1.634283859,1.904793671,2.125916883,2.777014713,1.570714126,1.433139541,2.298957208,2.43582605,2.100653714,1.540516049,-0.002416498,1.759575581,2.226851473,2.195861998,2.290344357,0.706579648
2017/5/12,4.653235506,1.979048961,1.906621985,1.857306314,2.017426882,2.406315605,0.924937445,1.184942085,2.563781974,2.029181304,2.117773999,1.629331075,1.852494004,1.733055818,1.822943482,-0.002170234,2.106334053,2.038783677,1.608146097,1.850900097,0.547890717
2017/5/15,4.219410608,2.348113112,2.290065062,2.003513831,2.042009773,1.963678147,1.576401537,1.664372129,1.621997155,2.0134983,1.38664202,2.222764581,1.943605554,2.056087309,1.70648806,0.640785506,1.963548587,1.971390318,1.690682261,2.327334357,0.97357125
2017/5/16,4.18562841,2.169113647,2.135497334,1.91229398,2.058044867,2.656729146,1.536264076,1.756643219,2.926610694,2.058923043,2.521610021,1.771976821,1.75776316,2.126060081,2.317240132,-0.017331621,2.557054353,2.175810341,2.079581531,1.969223697,1.199510844
2017/5/17,4.880976995,3.150685661,3.142539684,1.997253146,1.872398089,2.331050997,2.63032175,3.066058987,2.158949911,1.510687237,2.112517375,2.892867709,3.040914428,1.770477925,2.231543961,0.624319513,2.159821347,3.184138468,2.01959982,1.80400901,0.751293798
2017/5/18,4.098253931,2.901988618,2.870635299,2.273766435,2.590897036,2.061004657,2.41384384,2.67932878,2.173034006,2.188765864,2.870080394,2.579214942,2.906981581,2.3887549,2.172695507,0.675982642,2.313704041,2.741810529,2.618607296,2.03684511,1.105255124
2017/5/19,4.210288585,2.32097333,2.245931414,2.356105208,4.367925362,2.253524045,2.195709876,1.923912764,1.522052671,2.042155958,1.909596338,1.726427939,2.213215979,1.868229642,2.313557642,0.382402523,2.479636298,1.902042134,2.310411966,2.165497564,1.099504196
2017/5/22,5.024966629,2.348201885,2.307019096,1.772240845,1.912186775,2.180358268,1.410895844,1.98224781,2.408494554,1.805102563,1.982603359,2.199732933,1.650604188,2.422361015,2.044462499,0.371416503,2.355631717,1.940658533,1.929379746,1.577288488,0.735391359
2017/5/23,4.285557534,2.538349374,2.496851032,1.955181197,1.878043865,2.005592341,1.205170635,1.695121921,2.412358635,1.837700561,1.723955435,2.304590585,2.45875751,2.094637558,1.990010669,-0.000270512,2.252698559,2.317782438,1.955543966,1.770047874,0.111551968
2017/5/24,4.563687003,2.383018382,2.328145078,2.680121098,2.570583097,1.75212113,1.288545136,1.6079421,2.608700178,1.684935671,1.918193702,1.391825992,1.736860064,1.786241382,1.628550633,0.139164906,1.711443659,1.913456102,1.852494468,2.449900618,1.012398272
2017/5/25,5.385352458,1.805851977,1.681886436,2.118872847,2.000110311,1.601307604,1.627150336,2.071041562,3.245373433,2.026723845,1.607694966,2.638835864,2.236614462,2.13704018,1.566246128,1.340887518,1.763057649,1.574663352,1.993860127,2.212486503,1.764349387
2017/5/26,5.517223124,2.745153308,2.70666225,1.806584541,2.099047305,2.052472385,0.756080881,1.011389689,2.119074756,1.900877398,1.802830622,2.013050984,2.463679637,1.803574922,1.806098267,0.985200321,2.026258465,2.342734501,2.736993243,1.696716163,1.899752822
2017/5/31,4.44616637,2.595476415,2.594019084,1.902868283,1.84417667,2.396809504,1.776083996,2.373570495,2.57946617,1.594704409,2.317231873,2.439492579,2.399158735,2.013424204,2.016612551,1.968194235,2.198639066,2.036310679,2.608784633,2.002592316,2.772132906
2017/6/1,4.351656742,2.1652627,2.10856563,1.96241742,1.76408856,1.778339857,2.057989504,2.151585007,2.040698678,2.457903922,1.814506976,1.626904644,2.147834681,2.284743891,1.595177593,1.270518831,1.726715864,2.112200289,2.037143844,1.560514291,2.140587792
2017/6/2,3.996766385,2.934592308,2.937302685,1.875909381,1.986509235,2.463973493,1.775730825,2.307511268,2.218946192,2.745826648,2.191852068,2.556461115,2.262487405,1.680233609,2.052446513,1.152964554,2.112410353,2.661660428,1.660137836,1.738856408,2.011554859
2017/6/5,4.357200508,1.765816391,1.646505519,2.292888224,3.617171512,1.534892776,0.901595483,1.213303983,1.975214845,1.924915031,1.877438947,2.429350406,2.250994953,2.16596672,1.200030242,0.68015767,1.608534583,1.484796204,1.975033779,1.320834158,0.804017485
2017/6/6,4.826782328,2.733683604,2.698356605,2.288320746,3.109388083,1.633776293,1.339772769,1.835747893,2.370886368,2.462348743,1.332240336,2.282802182,2.042938941,2.249153131,1.336740417,0.42953426,1.500681603,2.608712777,1.93655713,1.450078177,1.623291328
2017/6/7,4.242827217,2.457942639,2.415980209,1.335864255,1.984143924,1.982103305,1.604257384,1.872110575,2.708964612,1.890323447,2.49401546,2.259338288,2.662486562,2.042977937,1.74629657,0.956576859,2.112677164,2.120415378,1.960636602,2.152102693,1.483757969
2017/6/8,4.101298878,2.798720688,2.779501799,2.004964935,1.677266326,1.963658123,1.676007108,2.013562012,2.401434622,2.248416923,1.807903655,1.614420084,2.160156668,1.868828747,1.910474919,0.249665501,2.023226787,2.346343749,1.840013576,1.172525805,1.225265893
2017/6/9,3.755477848,2.775841915,2.779286192,2.576164459,2.711739321,2.055973239,2.667382598,3.625301552,2.273368222,2.271165378,2.681352536,2.287048284,2.448140251,2.00146016,1.831383294,0.181133952,1.98447118,2.391364659,2.940308447,2.307334646,0.840201579
2017/6/12,5.297044751,1.898942199,1.81662074,1.300365727,2.227654685,1.125650292,1.594789655,2.614308933,2.493248121,1.860938373,2.163065421,2.350914844,2.436919545,2.479685929,1.223222915,-0.343633681,1.409820805,2.146389955,2.463551196,2.56029652,0.810098435
2017/6/13,4.06964123,2.245613318,2.253641083,1.630559706,1.974535619,1.556537308,1.570778636,2.14951296,2.09154146,1.506597825,1.996051786,1.726371363,1.719401361,1.966294827,1.392387053,-0.443658303,1.435093377,1.546239092,2.341301263,2.288699035,0.723659866
2017/6/14,5.108146668,3.122635589,3.124525697,2.260946289,2.067658145,2.420870212,1.982569085,2.744689232,2.583719072,2.015031475,2.379753279,2.470562193,2.746252169,2.197447317,2.262209407,0.514574548,2.352781784,2.757674251,2.155179154,2.22921751,1.224203874
2017/6/15,5.048726963,2.681688977,2.666360157,3.002565978,2.807123749,2.081503631,1.987250924,2.455233069,2.384440991,2.486893367,2.704022977,2.807938052,2.56916152,2.2250826,2.138436893,1.435790353,2.308682895,2.877671908,2.246869593,1.983465314,1.717997249
2017/6/16,4.279003077,1.709896737,1.596472971,1.819756741,1.729907818,1.295415213,1.580079387,1.907712517,1.95762772,2.015000195,2.217985779,1.596534712,2.107909101,1.982463281,1.710621688,0.78437968,1.89903864,2.067981762,1.633370304,1.728882847,1.69974008
2017/6/19,3.914908729,2.515369742,2.479099936,1.676297002,2.109783585,2.037358988,1.730138762,2.208503418,2.425564359,2.067278333,2.431049036,1.962826104,1.843640561,2.207408493,1.842627144,0.814083235,1.986615872,2.177903298,2.112697468,1.775401472,1.400446969
2017/6/20,4.310641936,1.934217666,1.863979543,1.679526296,2.121626591,1.622218415,1.88777693,2.163328183,2.056116868,1.637530968,2.602203328,2.500387857,2.29356225,2.225348731,1.637323604,1.01407242,1.577307382,1.607580058,2.647688732,1.985124951,0.944504742
2017/6/21,3.853840617,1.937113882,1.878686104,1.600741976,1.831653118,1.388148021,1.688847442,1.888305049,2.613887355,1.71191105,2.219744362,2.150265566,2.606041719,2.491425472,1.227660118,0.917661758,1.487821319,1.924565165,2.404296504,1.992402097,0.898134736
2017/6/22,3.550176931,2.209451549,2.175589837,2.513807461,2.278342916,1.328653403,1.369237081,1.882687075,2.847162977,1.559945038,2.038255518,2.077082031,2.460166066,2.490369732,0.938940136,0.295602764,1.414559101,1.670785712,1.262053068,2.427360797,0.632221469
2017/6/23,3.205692344,2.193973956,2.151264698,1.783081589,1.233656571,1.872877202,1.578636936,2.230051308,2.845410066,1.279928159,1.941398309,2.292630928,2.070184076,1.691800461,1.585632964,0.343471368,1.882952644,1.07825278,1.84411229,2.148335143,0.507664814
2017/6/26,4.7003885,3.01182647,3.030125402,1.589826562,1.311441243,1.796339138,1.838912071,2.551188717,2.648295504,1.482550591,2.16926323,2.07239609,2.000316636,1.93170375,1.438204064,0.61317889,1.614145588,2.050106337,1.601023348,1.665369201,1.41678882
2017/6/27,4.636655963,2.402018433,2.40145728,1.853891483,2.21410438,2.825465818,2.283646106,2.788852536,2.163674384,1.30437174,1.829044586,2.262275159,2.333849517,1.88882713,2.586105119,1.757964418,2.863827032,2.327455871,2.559241559,2.302229962,2.140014814
2017/6/28,3.988111076,2.086869965,2.111050722,1.638779202,1.788946932,2.094320449,1.952489342,2.852613751,2.178953857,1.868390777,2.292752247,2.504883851,2.731032771,2.166850761,2.06459063,0.6098462,2.324583484,1.789947016,2.76381577,2.790618241,1.240435799
2017/6/29,3.563231537,2.598418567,2.520324874,1.788097296,2.245264103,1.685172655,2.864165002,3.179334061,2.035944105,1.367806492,2.839186083,3.415547603,3.34844948,1.89882681,1.869234033,1.417883275,1.980104197,2.437220168,2.108005362,1.649323125,1.52519168
2017/6/30,3.606436708,2.135812116,2.139122569,2.091755084,2.198298832,1.749972494,1.65453156,2.049363236,1.99934099,1.722284037,2.457666979,2.567657729,2.817631555,1.932189955,1.465817212,1.436061834,1.691632199,2.180710674,2.004642362,1.764172109,1.845960354
2017/7/3,3.94765954,3.158101136,3.133446643,2.095561537,2.735263919,1.985633782,1.597887912,2.588882504,2.363867387,1.321537852,2.445379925,2.176886859,2.396688152,2.005672579,2.028420178,1.400823448,2.009169964,2.627560677,2.107234553,1.445024227,1.469503869
2017/7/4,3.464215777,1.868101248,1.728379542,1.997752561,2.560098279,1.50948754,1.706133756,2.531589274,2.408651473,2.556891274,1.985598923,1.868533564,1.956941032,3.271785371,1.272397526,0.167103743,1.421619758,1.995761308,1.428020852,2.2201449,0.85983943
2017/7/5,3.621998076,2.431679493,2.413614179,1.660544895,2.13855984,1.877111894,1.80400758,2.470713854,2.764586813,2.4316257,1.814652693,2.117320785,1.948501297,2.788212434,1.674227885,0.610096252,1.752509732,2.165176057,1.586444421,2.029482694,1.094692523
2017/7/6,2.738939268,1.945363941,1.975677226,2.204891727,2.189015459,1.983866985,2.064016857,2.15790255,2.460407147,2.018637605,2.398828215,2.780677219,2.696632294,1.991486184,1.902777401,0.274934996,2.281004238,1.780537437,1.735637037,1.703656597,0.705879809
2017/7/7,5.177615296,3.01834088,3.009327488,1.9390952,1.845870248,1.862339941,1.84932374,2.307391639,2.073256959,1.960747902,1.946971304,1.510228706,1.882751987,1.447826788,1.578937988,0.74625341,1.797781626,2.407962633,2.279480043,2.491270886,0.513456366
2017/7/10,4.626462515,2.379260278,2.345620038,2.916807754,3.140007157,1.699299464,1.526428609,2.219550569,2.112164417,1.789817865,1.918607549,1.957196695,1.951682306,2.572781704,1.107313158,-0.344310112,1.315274219,1.44123698,1.533261387,1.707678895,0.754184838
2017/7/11,4.040792995,2.267634197,2.217578008,2.007525895,2.1001024,2.160343716,2.057695792,2.243508354,2.847989548,2.004578856,2.551863023,2.412438542,2.418540054,2.73307163,1.901004902,0.395342492,2.296678321,2.066515418,2.146679667,1.673881858,0.85932497
2017/7/12,4.285143919,2.470818162,2.481628173,2.321068264,2.346064033,1.983659332,1.549203501,1.666218041,2.770487334,1.657337055,2.832850173,2.800693706,2.886257501,1.926704013,1.740593442,0.314301344,2.295891323,2.353545707,2.158557806,3.152214777,1.066942171
2017/7/13,3.705107666,2.10464838,2.018847115,1.777272125,1.927224575,2.174829767,1.275761934,1.710242756,2.47273695,1.93622393,1.332551549,1.743798257,2.116194821,1.723155193,1.71385069,0.639670105,2.169041019,1.908580759,1.896832865,1.504731714,0.951601979
2017/7/14,4.510367516,2.875431996,2.864874922,1.945539748,2.263113792,2.146084555,2.064105902,2.059937167,2.245714369,1.262069866,2.16362551,2.041551414,1.910767396,1.659443282,2.198339661,0.958728826,2.096005559,2.58519263,2.76960585,2.250564608,1.364423206
2017/7/17,5.103177122,2.023587365,1.996598776,1.57642981,2.185372203,2.032240039,0.971191972,1.456857683,3.393063677,1.744298676,2.008791229,2.333162057,1.946697898,2.440395824,1.382727556,0.68496123,1.669225026,1.705654264,1.786274085,1.889663294,0.798605226
2017/7/18,4.722675495,2.42056197,2.400852691,1.327374978,1.491891647,2.605698939,1.598508549,2.273866018,2.662337997,2.069926109,2.244984872,2.85168876,2.716619931,1.931361884,2.161276352,1.257310222,2.420585265,2.325492961,2.363747448,2.413132116,1.470087473
2017/7/19,4.212445906,2.077136556,2.051613754,1.326098186,1.582126278,1.378363642,1.534760971,1.525794295,3.119388776,1.587702726,2.286151565,1.650694076,2.289892328,1.805888371,1.135588816,0.737604251,1.584404181,1.949808296,1.308187536,1.907027034,1.061433341
2017/7/20,5.640083606,2.479122868,2.455793407,1.268848538,1.153576327,2.716842812,1.450599913,1.768148871,2.120196943,1.964826812,2.401626416,2.824794494,2.784057679,1.935401738,2.585652608,0.940865212,2.87148554,2.255018255,2.189371163,2.199948526,1.155034259
2017/7/21,4.511968034,2.480219867,2.451802437,2.28451305,2.147238649,2.34298928,1.246426278,1.449022003,2.20843607,1.11496214,2.523721506,3.23644685,3.232410675,1.598892171,1.818647737,0.814097026,1.85687986,2.403558095,1.808123424,2.09553093,0.624901083
2017/7/24,3.48828863,1.910844281,1.851456881,1.75904,1.509806446,1.291945057,1.147801919,1.895109164,2.3845653,1.756335632,2.697162047,2.178992904,2.399255401,2.185471276,1.330199463,1.03670472,1.759686331,1.958109572,1.790717876,1.830267479,1.140407829
2017/7/25,4.83392579,2.193754782,2.115369782,1.645620552,1.315927922,2.164251857,1.075743654,1.63259353,2.481259754,1.693460673,2.465194495,2.1375621,2.634363509,1.346887736,1.794163448,0.56040059,2.099619773,2.450411738,1.886895892,1.581889869,0.949470883
2017/7/26,4.284654211,2.933115648,2.922687473,2.282149384,2.188509038,2.456365164,1.139889153,1.055407808,2.821984378,1.738238977,2.086591578,2.074518193,2.39522088,2.242450048,2.393708078,0.035716158,2.524543593,2.452671753,2.36397709,2.465996863,1.188406718
2017/7/27,4.27813847,2.364290317,2.300122156,2.662489715,2.753735757,3.031931534,2.415538071,3.24064935,2.619603449,2.280443275,2.063374339,2.403302389,2.313953121,2.17296496,2.462396857,1.344160473,2.521379783,2.272075773,2.218782332,2.687783839,1.604124297
2017/7/28,4.49610698,2.573268503,2.523507716,1.720776977,1.794536808,2.389555825,1.416749109,2.03693959,2.185578539,2.006771337,2.777895513,2.086328304,2.149534404,1.625342458,2.153632489,0.794443815,2.209446215,2.125838899,2.086647466,2.6233237,0.93105601
2017/7/31,4.236740903,1.687086953,1.618139185,1.679346617,2.203586917,2.212138706,1.476291178,2.343683799,2.313929168,1.667092832,2.191461077,2.367144477,2.530282383,2.46637646,2.23367578,0.912683785,2.491473037,1.769805188,2.412705159,2.198770178,1.180362936
2017/8/1,4.570382613,2.386148374,2.372034346,1.129928083,2.676900671,1.840484531,1.229173682,1.688977864,2.321000813,1.706204067,2.357196456,2.985371825,2.617861286,2.272420405,1.450846783,0.234450808,1.77938878,1.927326531,1.526676468,2.246810931,0.973074739
2017/8/2,3.681682748,2.261738296,2.208343275,1.822448063,1.7571065,2.042099102,1.864210544,2.680611597,2.032231989,1.65710989,1.959137523,2.434913214,2.207076228,1.993281785,2.052182137,0.406993572,2.436121179,1.982726907,1.650464727,1.718084567,0.682563171
2017/8/3,3.980144542,2.566274653,2.545132464,2.207601399,2.237137499,1.673030494,1.204019492,1.910902274,2.687540435,1.58062984,2.740090971,2.089435092,2.578651122,2.129372424,1.500680624,0.899366197,1.791721572,2.316779736,2.608333621,1.810074547,0.647026076
2017/8/4,4.148253835,2.706230002,2.715788949,1.55791239,2.081092908,2.407247667,1.300656472,1.748371412,2.280642754,1.074498565,2.111953763,2.924524054,3.07838711,1.493584658,2.578364608,0.835043276,2.744167404,2.531792905,2.521607672,2.339481439,1.058894266
2017/8/7,4.326546009,1.498075533,1.362694837,1.89365665,2.424899953,1.473681534,0.853646847,1.680658292,2.536030457,1.020679176,1.21240236,2.332456741,1.719734855,1.449202549,1.095933231,0.725648224,1.408174263,1.1003053,1.420243788,2.052881223,0.655863035
2017/8/8,3.844403779,2.582601233,2.535502989,1.565314503,1.522405747,1.887346309,2.252293133,2.494943254,1.741037908,1.806618001,1.626903722,2.611167605,2.182666074,2.301139034,2.001804089,1.18984815,2.126213102,1.795577875,2.039233633,1.468943463,1.487281889
2017/8/9,4.098917639,2.82472411,2.828618458,2.664119602,3.018877134,2.830364321,1.746454948,2.112182917,2.058533698,2.804821059,2.324990916,2.486799836,2.607110539,2.426234956,1.613863763,1.760571264,1.952870871,2.165131118,1.633497162,1.740129225,1.462020984
2017/8/10,3.815960791,2.515040233,2.488271,1.75417379,1.910720152,1.896632436,2.560111051,2.945894688,2.89706993,2.124538681,2.930522059,2.753789919,2.460938079,3.084829334,1.803430925,1.407228991,2.068992996,2.36810537,1.733092201,1.872204631,1.549321412
2017/8/11,4.607218519,2.31532097,2.315043808,1.783975408,1.677625285,1.882300539,1.571013495,2.232629386,2.85156887,2.011795623,2.681800835,2.372014722,2.186777387,2.611095041,1.952246855,1.037766829,2.254968126,1.922956211,2.085032185,2.211251884,1.825633816
2017/8/14,4.530662927,2.423149958,2.384493576,1.972565339,2.079096495,2.595623841,1.821871844,2.013608434,2.686374526,1.883212566,2.359160404,2.230258433,2.53566831,2.299653769,1.714983902,1.056561742,1.903553461,2.049385232,1.748172941,1.690590615,1.259195182
2017/8/15,5.018336535,2.593945503,2.59897025,2.428320121,2.309814453,1.905713769,1.222133948,1.549115147,2.124348324,2.274508287,1.956445368,1.990596124,2.042463871,2.404702508,2.168744525,1.042504709,2.338368997,2.558233036,2.400289436,1.652916822,1.127205198
2017/8/16,4.664388639,2.700327487,2.681189307,1.859469072,1.842968627,2.635774588,1.638192164,2.079852837,2.142286745,1.211517631,2.247507254,1.734478548,2.208230947,2.042083543,2.108467984,0.945286934,2.260748556,2.257379352,1.677216887,2.646821647,1.143084818
2017/8/17,4.149498505,2.0972045,2.14412061,2.751099202,2.601299038,2.40341881,2.798502486,3.022151093,1.727989466,1.245669283,2.078509216,2.294815392,2.254691168,2.599754293,2.243986579,0.948175792,2.52807124,2.262688077,1.607524832,2.144595298,0.780027567
2017/8/18,4.576518407,2.744462921,2.756314434,1.971849835,2.207961568,2.292148138,2.2243502,2.417799701,2.323962651,1.86896698,2.591239335,2.220609529,2.261144351,2.488999073,1.697905207,0.885753361,1.864410141,2.333219326,2.013535496,2.500095136,0.560730886
2017/8/21,3.531542609,2.488976516,2.483697265,2.756571614,2.549291719,2.302515782,1.835009755,2.219858227,1.570098028,2.139700288,1.707709876,2.497008607,2.194035408,1.740792896,1.975874177,0.656428994,2.235960365,2.124671325,1.786672374,1.57607032,0.920472783
2017/8/22,4.896144721,2.305158358,2.288259166,2.078813304,2.128674604,2.147326931,2.293478121,2.422982466,1.98415307,1.494153866,2.372106981,2.34446174,2.084473216,2.089513943,1.863924463,0.701687374,2.053127862,2.077425504,2.168775523,1.841476974,0.901127361
2017/8/23,3.889094726,2.137101605,2.089663826,2.130969517,1.743784366,1.929342622,1.257381898,1.633549017,2.239733772,2.19774755,1.671435255,2.37322132,2.276799155,1.987065944,1.828792179,0.592768075,2.078075264,2.251060371,1.576996641,1.667056686,0.573011535
2017/8/24,4.196362902,1.913451394,1.895826979,1.250249201,1.689654056,1.763359568,1.897824211,2.36682321,2.417482099,1.512145281,2.155256834,2.08061683,1.700196957,1.873576258,1.085641039,0.630711104,1.135477165,2.07779164,1.731186901,1.459349543,0.48247025
2017/8/25,3.660197976,2.889282392,3.01448464,1.553604734,1.651477342,2.593943122,1.705620526,2.244006494,2.900856196,1.791886425,1.773107921,2.39889806,2.255264017,2.804364561,2.536754005,1.217606034,2.788987222,2.021529201,2.149556722,1.92940743,1.329307006
2017/8/28,3.865141865,2.9077962,2.904858571,2.89716958,2.507078115,1.83231587,1.55580445,1.495540328,2.908981248,1.913574333,2.459509409,2.336068055,2.206274439,2.38968082,1.52481858,1.958139868,1.846850929,1.384732988,1.8141478,1.78846758,1.500466325
2017/8/29,4.248110137,2.941309145,2.918075396,2.803305419,2.798989339,2.769977608,2.290514171,2.715325668,1.892044378,1.696960915,2.866110673,2.753851364,2.37111554,2.118882141,2.369518923,1.696408263,2.464503289,2.836043175,1.704197118,2.294573759,1.643473212
2017/8/30,3.667256632,2.087792645,2.083523986,2.801532466,2.764464653,2.540444777,2.046790074,2.552621848,2.08222066,1.8041872,1.923866519,1.587687499,1.65470135,2.176008497,2.159856881,1.243084479,2.303014481,2.234387437,1.690914639,2.526722067,1.618349703
2017/8/31,3.831993362,3.098384425,3.148291971,2.151940164,2.158383777,2.447709211,1.74864811,2.225425119,2.469094015,1.813402442,2.501129229,2.045809343,2.104236643,1.695491504,2.215994166,0.93948379,2.163893684,2.094200426,1.987885454,2.837778741,0.978594921
2017/9/1,3.936091513,2.425039433,2.426908864,2.072759645,2.280536073,2.549053098,1.107237869,1.735204992,2.031901263,1.911067256,1.546759048,2.30425209,1.615550835,2.109748554,2.343348552,1.866636109,2.512166694,2.182731339,2.087654147,2.636190852,2.14694687
2017/9/4,4.849268098,1.990993976,2.01919006,2.734896092,2.634174663,2.319392703,2.005469339,2.405229453,2.307628725,2.168701313,1.673084841,2.121153247,1.782515804,2.217295283,1.20676379,1.908461022,1.739556469,1.732111414,1.528846699,1.552015171,1.940509025
2017/9/5,4.763780984,2.757973979,2.768134474,1.661186893,1.698681177,2.26080184,2.473609601,2.805606552,1.939185789,2.407605358,2.354450763,2.340559613,2.308437329,2.041881997,1.928343523,1.947139658,1.923691285,2.534556066,2.472672113,2.016578134,1.670518183
2017/9/6,4.118156098,2.319345872,2.268535262,1.867945399,2.036645643,1.888143965,1.581614516,2.22021963,2.082012731,1.936840453,2.06551894,2.906927479,2.674199161,2.391956945,1.578516662,1.763626003,1.487846669,2.293197338,1.727945252,3.113601871,1.166698357
2017/9/7,3.7159184,2.766916849,2.747444152,1.929981555,2.096995429,2.4970897,1.355818644,1.786541065,2.170045159,1.933323924,2.302645428,2.213033739,2.308343241,2.602096434,2.369768869,2.082647549,2.630889844,2.560430905,2.009915934,2.513706158,2.305326649
2017/9/8,5.038113455,2.578856547,2.562171445,1.581320371,1.627893976,2.356292127,1.278960281,1.881769763,2.163968718,1.948330761,1.791680733,1.964084462,1.954427004,1.752899444,1.918345243,2.262818345,2.005240684,2.517136624,2.428361572,2.278339404,2.556869159
2017/9/11,3.796872884,2.512959037,2.486114419,2.142882208,1.992627595,2.689826139,1.898279201,1.624133074,2.297445806,2.034095176,2.169371089,2.227253302,2.036497307,1.579170246,1.977259015,1.701265373,2.11972276,2.778662319,1.685450564,1.932334745,1.820939724
2017/9/12,4.258093502,2.147430532,2.113386228,2.019583122,2.371610923,2.140670857,1.080508044,1.512937543,2.103566355,1.448512437,2.023866907,1.425769331,2.033071357,2.041419665,1.35188972,1.395788862,1.588811612,2.35249246,2.489958872,2.314542794,1.182828963
2017/9/13,4.597049167,2.545974989,2.623468784,1.405371202,1.710729307,2.217631575,1.052910847,1.578292971,2.006119304,0.928959123,2.316144914,1.948594897,1.774684252,2.261455279,2.326204531,1.426557773,2.462563208,2.094019084,2.523222341,2.12714001,1.499256337
2017/9/14,5.520664335,2.605942595,2.589232193,1.811725965,2.367840213,2.312330215,1.180954862,1.718426956,2.331381579,1.974042879,2.779147122,1.573037701,1.94818395,2.0910107,2.061531597,1.085537437,2.081955374,2.29419719,2.980132722,2.01851919,1.549603315
2017/9/15,5.604608541,2.611620622,2.573601258,1.808708821,2.202514236,2.28226234,1.178818214,2.073278269,2.004604553,2.131088143,2.750691712,1.606017934,2.046559773,2.755330609,1.998136275,1.012785408,2.11204748,2.912163493,2.990655472,2.213708375,0.531021151
2017/9/18,4.985668415,2.651472405,2.629621371,2.196321957,2.129896258,1.969364458,1.348220192,1.945344483,2.171333238,2.289187015,1.895988906,1.943352255,1.391370369,2.298267731,1.653471771,1.667939004,1.646849076,2.14160039,2.569166185,2.737992289,1.719229848
2017/9/19,4.17352942,1.796412427,1.753443991,1.783975408,1.885191897,1.862859451,0.756298128,1.319144568,2.404083688,2.423390707,1.894482921,1.253890018,1.405791654,2.175779526,1.368847396,1.533982421,1.697864702,1.915784405,1.928909913,1.58103536,1.496027967
2017/9/20,3.922848426,2.910994435,2.878805906,1.305888152,1.819040277,2.722493918,1.720328037,2.223156215,1.930568863,1.324958276,1.851796295,1.9256384,1.413977901,1.717316759,2.776074007,0.963385626,2.769699749,2.672348007,2.839603208,2.854335333,1.67496798
2017/9/21,4.525749268,2.533675276,2.501701277,2.652049247,2.768634427,1.991288691,1.319648004,2.044890502,1.943412351,2.123175876,1.5246185,1.273793815,1.36583321,1.724715072,1.943173158,1.226870542,2.137971871,1.778713388,2.286685711,1.474782109,2.035648645
2017/9/22,4.163584951,1.974025692,1.931227048,1.792236244,2.060249041,1.555814576,1.157492645,1.63720219,2.031094542,2.248629358,2.509980908,1.957249102,1.653396239,1.557588609,1.714630396,1.552612578,1.874948259,2.220933728,2.503281786,2.181923009,1.250261724
2017/9/25,4.392641632,3.021093042,3.054920513,1.257611429,2.242007854,2.510818277,1.898362857,2.4458352,1.986075571,1.590761301,1.838964071,1.827051667,1.747432233,2.745457531,1.875427603,1.730545553,2.307045103,2.366498521,2.47681255,1.900937812,1.864558214
2017/9/26,3.376984463,2.952624598,2.966519079,2.892694314,2.933319883,2.170900451,1.348949689,1.983580966,1.387498524,1.525952249,1.801729466,1.962431557,1.445749177,2.415302119,2.221305603,1.60387513,2.313460333,2.307163594,2.182449895,2.053309709,1.884572891
2017/9/27,4.524912649,2.62597815,2.596710586,2.175917021,2.350837598,2.269641767,1.982645085,2.484571637,1.417320431,1.295554061,1.881085803,1.688171633,1.339983392,1.958394194,2.036831094,0.643054907,2.04297026,2.350206029,2.126672465,2.61664645,1.480000197
2017/9/28,3.837787554,2.371302204,2.302308397,1.887526053,2.157947412,1.973742342,1.283218688,1.627453266,1.405955055,1.731925471,1.663087498,1.350815347,1.255797408,2.317532542,1.988060052,1.825476974,2.079774225,2.274668843,2.261174909,2.259156259,1.979913904
2017/9/29,3.887261266,2.592886445,2.59468315,1.678987356,2.27725801,1.778236716,1.654154644,2.033747656,2.089424783,1.571764841,2.254302745,2.258349219,2.277069249,2.112508231,1.364959587,2.139801657,1.763917903,1.669068997,2.064761276,2.32385533,1.774588993
2017/10/9,4.337029326,2.23654311,2.220990025,1.827671914,2.205153044,1.32219812,1.52747052,1.545123119,2.53431547,1.927345644,1.522065445,1.547268583,1.747533589,2.121587443,0.993809107,1.808856425,1.28605482,1.454872081,2.254416942,1.164150756,2.065809541
2017/10/10,3.617038659,2.417826633,2.375991733,1.316844724,1.936350299,2.033255336,1.540732318,2.093011,2.595349277,2.184495501,1.791533344,1.842299639,1.478032305,2.287866944,2.010920986,1.609490334,2.125703717,2.149178567,2.113219432,1.873320052,2.178249308
2017/10/11,3.371564845,2.148132114,2.090515292,1.794764017,2.416909952,1.773503689,1.187710496,1.518728466,2.093955235,1.804009643,1.538401861,1.510163233,1.835852729,2.475533195,1.769489395,1.409942263,1.971185551,1.660630352,1.634830621,1.969628615,1.783942367
2017/10/12,4.940795271,2.014955824,1.958241376,2.116620922,2.002657332,1.793768431,1.149881942,1.553351733,1.765564276,1.44398427,1.774851259,1.622778857,1.41687025,2.012733704,1.681630136,1.043559955,1.616589246,1.395393007,2.681231118,1.640594283,1.239755258
2017/10/13,4.408772989,2.502163606,2.478528603,1.604346894,1.655958105,2.051547736,0.915522085,0.915272305,1.678467663,2.718651167,1.677506243,1.855004396,1.743568261,1.598716081,1.802833247,1.121485771,1.914939449,1.849148084,2.028027809,1.832827084,1.508902212
2017/10/16,3.851425787,2.664652322,2.641546132,1.856046861,2.139055888,1.524271901,1.120785138,1.485367575,2.298538198,2.150533822,1.52761389,0.832729737,1.637504862,1.926446359,1.245593381,1.268954866,1.307412416,1.881164844,2.006845233,2.110970801,1.265127549
2017/10/17,4.200821988,2.621404161,2.603969726,2.135813489,2.25331481,1.968615933,0.812442268,0.981411254,1.957539841,2.174172502,1.906388395,1.778646559,1.830679766,1.687673462,1.748361894,1.892572991,1.799677638,1.503972404,2.43900432,1.938781303,1.825849322
2017/10/18,4.570789871,2.418783792,2.388843162,1.260860828,2.274241304,1.965960549,0.687834283,1.336823546,2.157007672,1.520105686,1.783629682,2.078291121,1.998213686,1.383004688,1.695603181,1.413660718,1.976609329,2.238551256,1.734182899,1.93004746,1.76312846
2017/10/19,3.771219893,2.542372171,2.60831766,1.649058859,1.743303817,2.227396671,1.869822702,2.098632289,1.783326221,1.879266385,2.172057555,2.450249775,2.008793608,3.347064453,1.823843459,1.433141545,2.168538811,2.169955296,2.080865297,1.421062277,1.779649648
2017/10/20,4.443484005,2.525512242,2.496389652,1.519323524,2.114125085,2.419388644,1.257764224,1.085761313,1.703845405,1.910865216,1.87839931,2.24644239,1.628251599,2.119118638,2.102658553,1.127497001,2.222818241,2.371464374,2.289315481,2.644930387,1.343974718
2017/10/23,4.200651556,2.339731699,2.298680512,1.650510111,2.071130674,1.761869667,1.82970798,2.350462678,1.518018445,1.754215059,1.528279799,2.135369783,2.169484103,2.509955001,1.414822651,0.855681614,1.64423764,2.138031852,1.763122819,1.429938405,1.318607161
2017/10/24,4.461353179,2.266398294,2.242406648,2.015427413,2.306204049,2.151988386,1.081525116,1.647164435,2.390000225,2.12612732,1.405524876,1.851887211,2.012566832,2.347762523,1.345418173,0.507751622,1.58456545,2.044834977,2.2961881,1.862357498,1.024408626
2017/10/25,4.295969077,2.165964264,2.123704286,1.377707718,1.678100982,2.093485612,2.352341773,2.672517222,1.941880665,2.666231432,2.636610466,2.346526467,2.411847314,2.035211715,1.598064557,0.86203597,1.829982928,2.055800233,2.63984483,2.662291712,0.965476494
2017/10/26,3.915347126,2.76504159,2.751386041,1.800020534,1.746653491,2.477354198,1.180333729,1.744254107,2.443257508,1.713254467,2.002133281,2.886950869,2.883297479,2.161674393,2.721965941,0.919526926,2.948073441,1.990470604,2.431891403,1.904370437,1.601342731
2017/10/27,3.929203437,2.300703132,2.332921877,2.123334242,2.304600267,2.039686249,2.027852292,2.651752861,2.249511342,2.352919716,1.692719769,1.691209642,2.202580215,2.032170346,1.890460832,1.051779386,2.092264865,2.092156324,2.107314887,2.274962689,1.149525782
2017/10/30,3.484996421,2.24741905,2.207637053,1.571494673,1.743402177,1.916135487,1.658814349,2.152294853,3.043869997,2.156519423,1.47775123,1.2632534,1.442788216,2.539656263,1.795557043,0.323276186,1.843480552,2.09135489,2.081851985,1.47745376,0.883298534
2017/10/31,4.205378527,2.325307947,2.275550998,1.430183747,1.520356523,1.789690631,1.006815172,1.697060416,2.011674685,2.244742326,1.615833409,2.091956596,1.516861298,1.93384294,1.120280347,1.108272743,1.266739518,2.060377641,2.12936006,2.082917351,1.090958607
2017/11/1,4.219992987,2.505764164,2.490085803,1.482713038,1.95927484,2.02459828,1.790701698,2.454168074,2.465520649,2.820231027,1.914910535,2.533969018,1.524610564,2.413492951,1.44812924,1.831350956,1.596189548,1.90206475,1.933695438,1.607447201,1.785465495
2017/11/2,4.594848411,2.334630295,2.298367849,1.616336177,1.689589543,2.29049362,1.896648672,1.98362578,2.08215267,1.969096538,2.543701706,1.546606972,1.975525669,1.805437135,1.649441764,1.678659701,2.00015323,1.924963247,3.101240229,1.902967412,1.59348379
2017/11/3,4.28736135,2.646770061,2.623981503,1.694370939,1.591767842,2.113110884,1.644438092,2.185287233,2.348473872,2.187774586,1.779453581,1.852323765,1.593859868,1.560459991,2.004306361,1.597244368,2.182948546,2.054220615,2.077283713,2.377855607,1.734821541
2017/11/6,4.243740047,2.770426337,2.757077681,2.048745695,1.727233028,1.842525547,1.230267498,1.538589579,2.585668191,2.366599884,1.472143875,1.216167225,1.448638568,3.032079242,1.483329322,0.219285727,1.424418137,2.292293146,2.326234509,1.826620252,1.323067821
2017/11/7,3.611584944,2.268734216,2.244361629,2.046009445,1.945616074,1.664383072,1.725241591,2.035427256,2.498795685,3.101524764,2.434757752,2.58712294,2.337645477,2.486780628,1.69830431,0.848595455,1.815350537,1.839327132,1.796106385,2.345049994,1.407447231
2017/11/8,4.626882513,2.43201119,2.374339515,1.570583426,1.997504444,1.094037113,1.532775792,1.870768992,2.618532334,2.107593614,1.51222951,1.856928591,2.219353728,2.244312097,0.839330704,0.905487126,1.15308749,1.85792316,2.051551197,1.751514158,1.146611758
2017/11/9,3.998224918,2.11792455,2.08439487,1.522041171,1.377707718,2.402700257,2.195727485,2.504177441,2.380456014,3.7607567,2.135374337,2.975240884,2.804223643,2.216725696,1.892681245,1.210945541,1.947837132,2.292976265,1.945359658,1.872676815,1.576823187
2017/11/10,4.985840774,2.485311691,2.536742061,1.30285595,1.818121244,1.62484519,1.299256881,1.630715426,2.62184466,2.377932888,2.492106033,2.217424212,2.160065615,2.071207893,1.571459505,0.633493146,1.67160458,1.435084775,2.304808,0.999017961,1.37424298
2017/11/13,5.169027537,1.646348092,1.598043528,2.025276622,2.345732041,1.771025078,1.768423584,1.987319096,1.815816236,2.44930617,2.326525439,2.882848803,2.88989545,2.064853475,1.07595651,0.918171656,1.345623538,1.548359149,2.342803164,1.754421035,0.837691313
2017/11/14,3.963499149,2.532791982,2.539792098,1.360759655,1.872797923,2.331360044,1.76542403,1.768772679,2.567258925,2.370253533,1.814277972,2.502973897,2.623885815,1.935423918,2.276205377,0.721585089,2.645345391,1.802085372,2.281377857,1.883915215,1.302459705
2017/11/15,4.756236777,2.499256252,2.491227909,2.131327526,1.868895458,2.021955123,1.929630864,2.296989212,2.584089122,2.745157719,2.199293715,2.577837188,2.282582766,2.311835754,1.813551037,1.482096686,1.972031079,2.318387411,1.95439775,1.909767008,1.241992821
2017/11/16,4.787425434,1.889035022,1.823878579,1.99957397,2.117066289,1.971114668,2.030965137,2.388792222,2.54489592,3.078417613,1.363516254,1.727539205,1.941678103,2.154350872,1.015499103,0.616013701,1.455797435,1.798857486,1.85033152,1.599297107,0.558049123
2017/11/17,4.180972112,2.855772668,2.850281565,1.461200949,1.357376268,2.063892204,1.036708641,1.234435348,2.440141872,3.105600103,2.058368692,2.224560335,2.291551684,1.974640083,1.689045103,0.780077568,1.695772358,2.504658092,2.04517469,2.273120072,1.393892543
2017/11/20,4.000657352,2.92616115,2.932022246,2.850622391,2.125213583,1.905028278,1.045876043,1.016435238,3.151759516,2.306648267,1.990557329,2.64170925,2.278731382,2.112428735,1.87449105,0.643883851,2.127062655,2.126059845,2.087852608,1.794151699,1.071517367
2017/11/21,4.425222479,2.111709639,2.054274539,2.473647882,2.182403163,1.714272589,1.670842762,1.967971086,3.211795223,2.013730445,2.132015102,2.76928856,2.537187838,2.913272991,1.265300624,0.696375697,1.4595399,1.697796045,1.597848485,2.054899666,1.443720674
2017/11/22,3.459238021,2.680746442,2.658523454,1.711265023,2.028076585,2.474014882,0.925369714,0.935136117,2.937964651,2.119439891,2.054210663,2.774724964,2.100893838,2.400001872,2.279391042,1.277533647,2.225446503,2.625218195,2.305864928,2.136399102,1.859399831
2017/11/23,3.471699052,1.79593729,1.782103306,1.50477451,1.886736785,1.380680322,0.740481454,0.967597534,3.561213378,2.187914584,2.037071446,2.42561255,2.578940543,3.097158121,1.11222288,1.510090118,1.404618847,1.130197783,1.500579153,1.547646789,1.370443865
2017/11/24,4.110485532,2.0006386,1.972401876,1.359687554,1.522948696,1.568453016,0.513889686,0.99897088,2.809433059,2.252334543,1.709201225,2.755637594,2.269334326,2.14732373,1.963038547,1.787496425,2.344281214,1.51148386,1.943148033,1.5836563,1.811053183
2017/11/27,4.021257748,2.476532892,2.419442451,1.248104616,1.278377982,1.593315733,1.20162149,1.594666531,2.683129081,2.486117138,2.132961679,2.423944215,2.347964878,2.259638149,1.706221841,1.072325614,1.817837995,2.165329145,1.837132679,2.105180837,0.89059503
2017/11/28,3.806998982,1.883651521,1.794102249,1.741311822,2.212070749,1.784568222,2.278410569,2.07861311,2.575872248,2.405769657,2.694320085,2.221974222,2.167036996,2.619244462,1.842365501,1.168573632,2.185451589,1.976959008,2.67383745,1.851982847,0.945149596
2017/11/29,5.341868702,2.624949065,2.609017692,1.742555057,1.124609721,1.782839869,1.850819321,2.953059328,2.909967685,1.691447771,2.437055789,2.631756,2.294034076,2.337116337,1.704243248,1.464580976,1.855254383,2.080869187,2.225254723,1.790093455,1.435725277
2017/11/30,5.21442559,2.63819846,2.618343801,2.242199474,2.319932355,2.070066674,2.335050627,2.127119628,2.917796845,2.522724207,2.635564474,2.599551703,2.495431231,2.183842197,2.265402094,0.970576626,2.467940563,2.220220327,2.48559811,1.676595573,1.05739895
2017/12/1,5.009739079,2.79158296,2.795369082,2.084544539,2.22174503,2.767907387,2.980581976,3.125698173,2.50507874,2.775603512,2.347242351,3.115813422,2.835696575,2.523762871,2.094123686,0.99612865,2.161537154,2.690499794,2.150471538,2.973546039,1.402744217
2017/12/4,4.062269542,2.133178775,1.839323999,2.595557066,2.348333226,2.11501763,2.426809009,3.07214392,2.675021324,2.14987994,2.381688038,2.535297851,2.358283904,3.060788281,1.354179931,0.790210103,1.577284048,1.999126623,2.357229015,1.85967493,1.526434393
2017/12/5,3.726105092,2.735361107,2.707144517,1.467660124,1.829205784,1.781013098,2.21186999,2.65432251,2.418609859,2.097726534,2.000340437,2.467143763,2.210855643,2.427697695,1.728496766,0.328026789,2.010292471,1.628515345,2.259236468,1.993574683,0.922182551
2017/12/6,5.366770081,1.89021622,1.84616019,2.379349929,2.237832162,1.836196538,1.439095559,2.202541269,2.955949179,3.046018711,2.532414955,2.707216791,2.694464445,3.371461078,1.789362362,0.955849971,1.858296997,1.878132901,2.008469913,2.624374193,0.580207817
2017/12/7,5.625382708,2.978860809,2.954299754,2.493992818,2.53086617,2.002762717,1.840901169,2.15404521,2.881283028,2.316869215,2.189489392,2.114356919,1.87473977,2.633766028,1.328811964,0.135503698,1.384034261,2.24851887,2.636246194,2.005177716,0.339565349
2017/12/8,5.647225038,2.153727499,2.217851919,2.07806633,2.289543083,1.829238375,1.185715733,1.873749155,2.827876137,2.28397611,2.726205719,2.204294491,1.921398399,2.677057137,1.427680183,0.499234823,1.523922789,1.641989302,2.639717249,1.902655896,0.698291248
2017/12/11,4.992418574,2.353686525,2.314364533,1.969223697,2.187215402,1.532555277,1.342689035,1.764938321,2.904834969,2.027868731,2.304559461,1.93832109,1.826575782,2.643551137,1.358847012,-0.204101725,1.521034202,1.504484035,2.139325651,1.248182437,0.301696638
2017/12/12,4.393325916,2.25276224,2.182084732,1.940380792,2.02647897,1.672721087,1.454382859,1.560936372,2.742787145,2.077821935,2.100622747,2.206992347,2.663838082,2.545443094,1.727027447,0.880179593,2.004383065,1.358859899,1.890778692,1.966455346,0.756530715
2017/12/13,4.700652076,2.766664547,2.77046802,1.581573586,1.808379412,2.31277046,1.357387152,1.457052622,2.61452692,2.215962395,1.023671077,1.775826319,2.00617679,3.114935894,2.174001432,0.819951294,2.296500806,2.413433482,2.263565853,2.074272624,1.197269368
2017/12/14,4.128892489,2.078918747,2.083793702,2.70179738,2.584056302,2.022562692,1.937159313,2.111809561,2.521691524,2.011203122,2.009922798,2.560309542,2.219932357,2.531515787,1.770176535,0.264584849,2.190179379,2.106107179,1.715232751,2.619672061,0.610225743
2017/12/15,4.63121813,2.166244509,2.136951198,1.527681153,2.180223857,1.955812749,2.176018687,2.514079938,2.566411945,2.605855694,2.167443077,2.184197394,1.888215595,2.405410388,1.97638809,-0.121213884,1.830322402,1.974217774,2.528154182,2.624117142,0.665678978
2017/12/18,4.123682541,1.930467271,2.365496934,1.900735402,1.579288495,2.204328884,1.350984017,1.538113542,2.446879436,2.268852896,2.10393361,2.387431082,2.175180722,2.546237534,2.064039648,0.222726721,2.224937267,1.668180263,2.227422243,1.247171235,0.851902718
2017/12/19,4.786823301,1.514270261,1.743048832,1.799838814,2.010466693,1.633934355,1.76667804,1.988798739,2.657106872,1.854529195,1.497874318,2.386027948,2.152512539,2.035026725,1.410056893,0.937136227,1.945393518,1.740336079,1.821804477,1.844504682,0.881464999
2017/12/20,4.832059425,1.727562211,1.846475624,1.071689394,1.849951982,1.892847842,1.852144434,2.219761497,2.118957155,1.768520898,1.786296443,2.985344922,2.250816542,1.881720746,1.522874779,1.708637075,1.941001221,1.854888766,1.434752858,1.743466263,2.048600804
2017/12/21,5.046322213,1.758520711,1.771303111,1.378253372,2.032828839,1.87246318,1.475608918,1.642763688,2.931392504,2.127999283,2.634286699,2.388105695,2.653181558,2.419105595,1.181870819,1.838658595,1.352875365,1.482240566,1.57101291,2.532478692,1.794261733
2017/12/22,5.835530735,2.358070954,2.380363482,1.207039798,1.341343251,1.21304031,1.128314643,1.078461291,2.079362309,1.687920727,1.474665555,1.451993206,1.875351567,1.854455691,1.326217435,1.133651714,1.760196952,0.705762173,1.476551409,2.177601378,0.7893061
2017/12/25,4.540301136,-2.00180785,2.321285745,2.041102984,2.068600123,0.842133392,0.943478166,1.30033219,2.839964398,1.371254273,1.656584562,1.794523927,1.929476239,1.879594867,1.074237777,1.876563167,1.741239624,0.572870536,1.010049736,1.282294056,1.488342273
2017/12/26,5.212389794,2.253097137,2.258934405,1.424918177,1.439916028,1.311227955,0.716418352,1.482391349,2.469697556,1.290044867,1.81032748,2.049299645,1.980823552,1.90405788,0.908343582,1.536178655,1.13023712,0.86806757,1.306224708,1.507481458,1.289350419
2017/12/27,4.869719296,1.96399068,1.857676454,1.317205997,2.180167387,1.608462295,1.057835277,1.379859225,2.858192363,1.410905857,1.943447954,2.252257859,2.029664795,1.927878686,1.47428619,1.142887233,1.688253815,0.801866724,1.701629831,1.81882965,1.326200778
2017/12/28,5.013279363,2.122124233,1.797188924,1.600562071,2.128261753,2.364726948,0.753599146,1.09293761,2.783095203,2.39376778,1.275776432,2.21719202,2.131145133,2.101301003,1.84917392,1.696471423,1.878798302,1.932588674,1.635003545,2.157038873,1.647488634
2017/12/29,4.323486582,2.553087253,2.490699045,1.25599068,1.726428813,1.884782059,2.069354763,2.145515196,2.154653037,1.862521076,2.453772494,1.811373701,1.914564693,1.740872893,2.016264331,1.657928849,2.131944172,1.627627794,2.263555261,1.898547003,1.461487139
2018/1/2,5.211872881,2.688672157,2.626013225,1.361653951,1.899643096,1.83346801,1.753620613,2.613758348,2.486309741,2.451985095,2.309887687,2.77323387,2.568040216,2.916035097,1.783218309,0.994260693,1.993291693,2.022336863,2.085161093,1.72063509,1.673520414
2018/1/3,4.006964776,2.550357863,2.50955045,2.102436165,2.296959463,2.326213478,1.951833357,2.145766313,2.661607187,2.816190955,1.999770838,2.447875021,2.487203905,2.306584328,1.778729012,1.025533358,1.824620198,1.525243366,2.301934157,1.599104035,1.189423481
2018/1/4,4.526277383,2.906170976,2.868118855,2.178419058,2.262514583,1.64402879,1.460105216,1.425238794,2.179736649,3.079452218,1.545228334,2.544028359,2.710985991,2.180310133,1.754383479,1.139249638,2.103543813,1.429753136,1.55822079,1.901179648,1.558858339
2018/1/5,5.164294189,2.182899753,2.173098679,2.154798867,2.249605406,1.791614132,1.874319385,1.863311786,2.050097832,2.322474486,1.731046976,2.285451977,2.313485348,2.318801475,1.413168316,0.769884773,1.77591387,1.824042739,1.625736981,2.686448311,1.202599128
2018/1/8,5.160722318,1.906204089,1.848662632,1.970777537,2.116620922,1.548001212,1.518533779,1.7897539,2.379412762,2.200276271,1.823655409,1.844299929,1.442340241,1.990634734,1.87073274,1.502613172,2.195984888,1.62390866,1.658305569,1.895768978,1.806615385
2018/1/9,4.411603733,2.381521625,2.340291331,1.409107537,2.015877974,2.185974811,1.548084738,1.660404977,2.341280069,2.062574212,1.695379482,1.698938863,1.950859725,2.024850716,1.681290825,1.748224188,1.717973404,2.115744874,1.849361203,1.973800329,1.996379855
2018/1/10,4.632334756,2.864047853,2.841877838,1.505131207,1.507679241,2.366460252,1.819283254,1.927880027,2.285769406,1.662004492,1.778398024,2.56266649,2.163109964,2.526759514,2.117646893,1.846495342,2.198821325,2.745639185,1.928022103,2.655194295,1.797163463
2018/1/11,5.052344715,2.041074308,2.011755941,1.706809465,1.788995611,2.300907842,1.815909956,2.048178819,2.099498293,1.865112618,1.625729757,2.544946923,2.061120275,1.912685843,2.258475755,1.314112872,2.521062639,2.157755489,2.119762759,1.938781303,1.915653774
2018/1/12,4.498572727,2.755341643,2.80737291,1.629848149,1.129388902,2.527394096,2.017900009,2.25464691,2.04493773,2.017203747,1.774450958,2.132507988,1.961614278,2.060953403,2.660603303,1.825249595,2.889782503,2.084993678,2.886414067,2.18631245,1.948685006
2018/1/15,4.185381723,2.05735647,2.625107872,2.342269824,1.847078093,2.290487591,2.466086257,2.681099806,2.534474279,1.968860697,1.091894414,1.896179254,1.597531297,2.836299401,2.136698754,2.048852361,2.333621046,2.187586929,2.079639619,1.851398296,2.05991605
2018/1/16,5.861180946,2.249868042,2.403573036,1.241520952,1.89000669,2.316478576,2.773578623,2.97795248,2.546097328,2.528512025,2.025449673,2.592530419,2.00588821,2.858895436,1.824034324,1.353742734,2.12197898,2.052036666,1.674099652,1.661388105,1.385064125
2018/1/17,5.516685471,2.752163909,2.733397414,1.706631655,1.947432247,2.340463484,2.466423672,2.536796033,2.656053449,1.994498175,1.895018063,2.29371718,1.940527238,2.510357474,2.357758753,1.511343224,2.622884392,2.48674365,2.740799602,2.620443713,1.612869309
2018/1/18,4.754571863,2.056696724,2.050877044,2.265937,2.474234269,2.384895648,1.694100769,1.782517839,2.514023725,2.91751864,2.11751172,2.075378999,2.148948249,2.568039758,2.035507123,1.499889488,2.24043599,2.093339634,2.209475698,1.892792888,1.515622372
2018/1/19,4.39901016,2.334284187,2.301954511,1.821191211,1.823170594,2.540966191,1.612332374,1.813616124,2.530110503,1.888632449,1.710221439,2.559937285,2.083910847,2.262740394,1.959844855,1.335722784,2.026484502,1.891578857,2.170055735,2.316450234,1.792354675
2018/1/22,5.186379769,1.955605916,1.905445021,1.058511105,1.318652392,1.745699633,2.316259988,2.460876064,2.814190316,1.74512855,1.66850707,1.618715331,1.855351987,2.579531599,1.479808104,1.07172284,1.710550798,2.02275003,2.409629476,1.758177175,1.220141354
2018/1/23,4.89302094,2.272941265,2.22772158,1.414111132,1.669825043,2.065820506,1.550691578,1.873138139,2.269216938,2.321726496,1.653887032,1.901458921,2.236233729,2.580101444,1.931225799,1.035108475,2.037979755,2.255390178,2.201426703,1.878445216,1.367747425
2018/1/24,4.492928198,2.980942898,2.956179719,1.849415978,1.705707017,2.929606833,2.432422524,2.828774221,2.548740873,2.007566224,2.581881045,2.62377259,2.201039579,2.31583155,2.527319887,1.956196129,2.452388723,2.663164877,3.065673699,2.331985564,2.257982402
2018/1/25,4.293475038,3.023605683,3.022157216,1.70592073,1.715740522,3.075791143,1.963246732,2.381197248,2.689095777,2.160273133,2.090773643,2.945376847,2.679189047,2.498484068,2.706977998,2.428561169,2.775275877,2.552368254,3.055915271,2.325890099,2.420083078
2018/1/26,4.813911796,2.418503747,2.351974535,2.152118594,2.318442817,2.581807323,2.37156562,2.438709762,2.609841514,2.298983646,2.047065273,1.936290424,2.261178017,2.70366849,2.355968311,1.589016147,2.438021428,2.759629735,2.666831788,2.220163601,1.687624781
2018/1/29,4.239426582,2.580523187,2.573236282,1.785049046,2.110253005,1.871720801,2.038520349,1.93394681,3.359201382,2.306152852,1.327394229,2.104249932,1.416879933,3.010778456,2.081581508,0,2.16481919,1.998946051,2.375126897,1.557270696,1.794971505
2018/1/30,4.919072706,2.558887803,2.549591476,2.356049761,2.361334877,2.321235338,2.067743892,2.22459603,2.72599096,2.838833266,2.543269684,2.481515878,2.425308964,2.813530495,2.252161587,1.392149441,2.391404617,2.132937914,2.724754657,1.873171722,1.696275347
2018/1/31,4.231591971,2.592686786,2.583683993,1.890766981,1.868713341,2.167857048,2.365539213,2.422622593,2.69747135,2.636100313,2.461928303,2.248560997,1.678687976,3.055549524,1.916438968,2.167232828,2.106412435,2.209151257,2.195804032,2.233420057,2.231550114
2018/2/1,5.18076743,2.509586863,2.486043371,1.606878091,0.922822363,2.338841655,2.246394554,2.503266587,2.98263263,2.627921933,2.480475798,3.360546363,3.009414563,2.652366148,2.316008823,1.379683163,2.543146984,1.942544202,2.254036189,1.93280036,1.483745026
2018/2/2,5.2083134,2.988370901,2.988164653,1.647609709,1.763702762,2.277633246,3.004701476,2.988160809,3.196171549,2.495173025,2.26323217,2.733683819,2.731880974,2.780045372,2.387350793,1.89412383,2.315567291,2.541022855,2.655884247,2.817567365,1.881420899
2018/2/5,5.501587806,2.436429248,2.426824434,2.4400639,2.460170963,2.404292991,3.974635673,3.910855342,2.998200386,2.741528625,2.825975307,2.466079324,2.370685956,3.196833295,2.172904221,1.619420614,2.337203015,2.607023055,2.773219897,2.598137018,1.817790873
2018/2/6,5.701801723,3.131066105,3.125384943,2.707677728,2.627676016,2.413148632,3.846469301,3.905182915,3.091286874,4.150904497,3.706446237,3.380815705,3.324485713,3.268906165,2.173013422,1.828955503,2.409827006,2.532006977,2.598467663,1.913787349,2.047256247
2018/2/7,5.225271946,2.940983797,2.915882815,2.629044728,2.961678562,2.642425835,2.979037857,2.953840026,3.820408809,3.635974185,3.296609692,3.075279106,3.075571251,3.781404012,2.48698555,2.053496428,2.701401928,2.128261753,2.474348648,2.086741113,2.512517869
2018/2/8,4.872710348,2.615147947,2.603609915,2.030429632,2.470066649,2.632150127,3.821159775,3.897358128,3.320483883,2.84638967,2.932658111,3.49210264,3.269882547,2.910261445,1.974896928,2.612101222,2.038795488,2.539103331,2.895663655,1.839885939,2.684802093
2018/2/9,4.769144374,2.372516781,2.329081438,2.428919023,2.438123411,2.026483186,3.851326813,3.88218564,3.818666196,3.048007117,2.756263725,3.320221177,3.158742555,3.066642728,1.749118397,2.056438707,2.027137542,2.592378835,2.914921455,2.422693984,2.565525098
2018/2/12,4.72993963,2.44283501,2.475314433,2.250905972,2.003817065,1.612439189,3.079545604,3.168307957,3.164422941,3.138077353,2.848856681,2.683376883,2.450818838,2.583618299,1.543403489,2.189803895,1.75823023,1.580929165,1.880065464,1.80975677,2.114007016
2018/2/13,4.194792243,2.147353608,2.136186087,1.965010051,2.158843363,2.258087414,2.620468505,2.666366421,2.879807512,3.220218937,1.781246666,2.280859078,2.330597869,2.693118274,1.995065309,1.692718702,2.103392886,2.691987259,2.050846622,1.715461135,1.641954009
2018/2/14,4.757871152,3.494928126,3.522487101,2.38497361,2.355808323,2.393280271,3.128449386,3.347556997,2.641877896,3.128118109,2.743663227,3.397347319,3.170237073,3.232043157,2.724758103,1.575498287,2.864376785,2.522712567,2.880759218,2.6692201,2.037612988
2018/2/22,4.791580928,2.332114622,2.296114813,1.837837236,1.441719194,2.319525822,2.650571195,2.614000937,2.632205561,2.210700319,2.700326339,2.987025932,2.69201148,2.282294866,2.052304975,1.592594129,2.13874267,2.545087468,2.379695218,1.989870366,1.548923298
2018/2/23,4.448489944,1.799636365,1.723836115,1.430730047,1.663667039,1.853901834,2.660310148,2.809200534,2.648102097,2.141101252,1.877517585,2.01352137,1.858264025,2.165457959,1.525512567,1.669384946,1.688120327,1.951394714,2.117176109,2.223113804,1.18802401
2018/2/26,4.717957578,2.547498445,2.550028197,2.04400761,2.221563264,2.121098581,2.410731374,2.258322774,3.108712967,2.264746497,2.382300045,2.36982963,1.788891449,2.372376835,1.969391282,1.805492452,1.970793776,2.176463535,2.461756634,2.194326027,1.815967218
2018/2/27,4.230454822,3.035480531,3.033537532,1.867803253,2.35195682,1.976086642,2.925402772,2.818318291,2.965359115,2.204300718,2.123249129,2.563464381,1.979844757,3.177302567,2.337416308,1.856647766,2.465917996,2.270913058,2.438541854,2.321868638,1.949345798
2018/2/28,4.310520474,1.902463775,1.806054175,2.429285195,2.562836009,2.171548529,3.001678727,2.880337096,2.840682676,2.779888252,2.273412015,2.209525456,2.257811777,2.587877596,1.632188371,0.70860192,1.605594635,2.341978531,2.585763717,2.019143901,0.858143279
2018/3/1,4.318312553,2.789626788,2.794188838,1.776168773,2.092386118,2.28631255,3.41253922,3.410155456,3.051615358,2.602083548,2.528228553,3.131363267,2.763232151,3.153809775,2.227805833,1.740365633,2.41451443,2.41984795,1.793554503,2.050298516,1.889584114
2018/3/2,3.564037862,2.221001057,2.201044111,2.294759355,2.174682126,2.364993955,3.04559679,3.37321798,2.368906788,2.707127149,2.895565146,2.97159434,3.147097384,1.980402089,1.71523077,1.614775482,2.059634274,2.433164382,1.641334875,2.168075916,2.020896524
2018/3/5,3.250656407,2.219260393,2.218428972,1.807133491,1.91246151,1.924593217,3.101754461,3.12822159,2.596177531,2.516473622,2.223604281,3.287446658,2.603636869,3.445829154,1.528728287,1.804480566,2.009624376,2.278775198,2.230095394,2.405961789,1.076878468
2018/3/6,4.423507309,2.813583192,2.802188371,1.576246592,2.023550637,1.975873614,2.172598201,2.209845017,2.971974199,2.205596821,2.579042238,2.643290769,2.329140508,2.919264899,1.987740582,1.938211925,2.133151033,1.902699854,2.244184494,2.476300825,1.912260926
2018/3/7,4.926685621,2.790910175,2.795323969,1.961542556,1.823177981,2.351569506,2.501168085,2.664513656,2.860310352,2.719618602,2.436291806,3.182361993,2.722865336,3.043859348,1.612186916,0.925422716,1.679544885,2.109413621,1.712206553,2.406039076,1.238961954
2018/3/8,4.56101606,2.189529705,2.179131566,1.615788079,2.179433569,2.484766589,2.012257706,1.907648977,2.620049251,2.315307552,2.363082392,2.955770699,2.842161433,2.406104922,2.318261063,1.071120696,2.606107296,1.513798895,2.354086527,2.112178027,1.534886702
2018/3/9,4.802735476,2.298264935,2.402243867,2.077333992,2.357831713,1.77724584,2.67563699,2.640441385,2.261328014,3.33132013,1.733462234,2.440090997,2.419356072,1.752638943,1.582273935,1.799178589,1.931581088,2.254364446,2.125595317,2.20878126,1.725619121
2018/3/12,4.781775002,2.095569349,2.132309941,2.026382504,2.319036655,1.895391175,1.987254701,1.932810549,2.007496638,2.693658295,2.197769596,2.16235221,2.265164891,2.268843415,1.508942509,1.221251629,1.652216729,1.975700364,1.876962544,1.370719147,0.654269124
2018/3/13,4.156123151,2.563566026,2.567369764,1.662012925,1.484703989,2.064979507,2.881693174,3.086231533,2.4794402,2.642895318,2.757717763,3.32264427,2.93508021,2.200747971,1.911867031,1.114731124,2.145171762,2.414231834,2.274283628,2.61711959,1.253876556
2018/3/14,5.135293065,2.021751614,2.030438011,1.967756066,1.765794655,1.934699965,2.610728154,2.38431649,1.850525269,2.34038132,2.155211994,2.419935082,2.359693238,2.436206278,1.470682502,0.67400529,1.811499767,1.992721567,1.750154533,1.565969083,1.60562093
2018/3/15,4.515601248,2.44786697,2.439382613,1.275798737,1.142346215,2.377648074,2.196351024,2.254944475,2.428053112,2.66125106,1.741070659,2.557955327,2.142227428,2.827606997,1.952298503,1.249908217,2.079268186,1.950471244,1.736159769,2.416670723,1.686153974
2018/3/16,4.385403864,2.381251433,2.373200629,1.442087586,1.878043865,2.012088254,1.599035089,1.825874441,2.724230901,2.565121024,2.194156351,2.377605488,2.180937195,2.115897548,1.853225053,0.960279957,1.932556386,2.14029205,2.003334409,1.53770742,1.02757738
2018/3/19,4.20797855,2.390927719,2.366672734,2.112779803,2.377171495,1.909569571,2.983728328,3.055171746,2.451708771,2.746586346,3.03990175,2.855873516,2.496079196,2.709771941,2.019322825,0.574612406,2.232769908,1.936051388,2.657864338,1.910228484,1.278623447
2018/3/20,4.466683275,2.299534662,2.308458935,1.626253645,1.536943447,2.087599981,1.789476227,2.044386419,2.422676132,2.15973625,1.844186325,2.487476547,2.324561115,2.664694617,2.04040003,1.058667899,2.37346835,2.001387724,1.939773441,1.458776731,1.0657196
2018/3/21,3.741736224,3.111655632,3.168450626,1.781512954,1.589896204,2.326505425,2.514955062,2.643699406,2.889223022,2.381355307,2.075310488,2.168867344,2.092223382,3.073520834,2.33081338,0.974010075,2.329219284,2.111939683,2.537066552,2.836877186,1.741205558
2018/3/22,4.243538685,2.185082864,2.199962139,2.429834705,2.501508703,1.895285767,3.14704138,3.092299289,2.971297332,2.561374457,3.019840357,3.193273547,3.211506957,3.197299443,1.999867194,1.178840971,2.250381617,2.205017163,2.379096974,2.352242298,1.880192801
2018/3/23,4.236032003,2.909596841,2.913874024,2.607848511,2.647063679,1.859932157,3.447739802,3.485298733,3.320447514,3.543919734,2.533147432,2.870469296,2.744525602,2.698926388,1.819317668,1.450376935,1.915743877,2.103899183,1.955642168,2.352707926,1.802162855
2018/3/26,4.442354748,2.389197332,2.367458548,1.759762938,1.644822502,1.916101448,3.257197568,3.490176933,2.776790851,3.151707637,2.721245298,3.217661759,2.939104815,3.044191226,1.942145045,2.243656487,2.329241267,2.204871803,2.204032451,1.98889419,2.478561243
2018/3/27,4.133347298,2.691633389,2.67978458,1.68764545,2.122788237,2.207130973,3.534079989,3.85289223,2.780188264,3.011524828,3.231864309,2.398048979,2.392423815,2.217744195,2.200411882,2.091850868,2.252989309,1.823810648,2.669653733,2.072482447,1.988110353
2018/3/28,3.811368809,3.018214258,3.043993602,1.612869958,2.028239385,2.663719113,2.856077124,3.101967651,3.05256837,2.637255179,2.993496525,2.915303928,3.037059777,3.146927924,2.445619043,1.753204747,2.427407731,2.899453279,2.36444004,1.800362684,1.754956989
2018/3/29,4.935892737,1.837334651,1.827581616,2.450293406,2.581553045,1.46333444,3.06823838,3.406687822,3.573821293,2.798010515,2.388850275,2.991629147,2.594227858,2.807012435,1.295065628,1.463748747,1.559380665,1.961084441,1.949368287,1.829427894,1.625258257
2018/3/30,4.580174073,0,2.467110117,1.155050033,1.892613739,1.643056891,3.38020291,3.550662734,2.364901288,2.378770103,2.396040858,2.904554871,2.554260391,2.867436429,1.157979975,1.436767096,1.238147367,1.523397425,1.447544328,1.295705661,1.169984334
2018/4/2,3.960466043,2.87445438,2.851628744,1.489313133,1.849951982,1.519390185,3.620773698,3.678254532,2.765854252,2.412012129,2.403210707,2.808863402,2.512520459,2.924446338,1.473658497,1.122667179,1.786154643,2.152337466,1.606355915,1.97487877,1.416215343
2018/4/3,4.27799556,2.480479598,2.477414349,2.267476431,1.959263521,2.038701135,2.959673524,3.06220391,2.430797229,2.709934084,2.410360093,2.702694935,2.468848533,2.978409006,1.709995478,0.561363278,2.03553654,2.339823438,1.699605658,2.540184906,0.842818324
2018/4/4,4.674665262,2.690327692,2.693106607,2.079716055,1.977754437,1.988863646,3.511998624,3.71286499,2.61442536,2.257884025,2.501671935,3.049289843,2.736234636,3.436844669,1.428818608,1.571090032,1.689909388,2.233195933,1.901597656,2.099070069,1.930973942
2018/4/9,4.45030506,2.284637608,2.282013985,1.213798442,1.27818757,1.789646495,2.925741401,3.058079823,2.557346143,2.454502927,2.327563381,2.739596176,2.217391728,3.135655329,1.783046664,1.453290157,1.862800711,1.871098541,1.944541445,2.45946628,1.723686345
2018/4/10,3.348288932,2.307278854,2.330019398,1.994820794,1.754305034,1.751644917,2.553280111,2.818286652,3.105487291,3.029173791,2.43625654,2.164454699,1.914361888,3.188069668,1.723953743,1.586731523,1.942529579,2.136993399,1.707366633,2.412499469,1.739145552
2018/4/11,3.222955055,3.13206212,3.125581693,1.904202262,1.876427665,1.592186337,2.262433808,2.476828404,2.285170608,2.070120125,1.450341399,2.454619461,2.138127762,2.405341247,1.438097451,1.440858545,1.493772165,1.870771237,1.644131276,1.949267567,1.563232419
2018/4/12,5.141104353,2.848497099,2.836018422,2.32291499,2.05287698,2.231939082,2.197268647,2.282239728,2.50082859,1.915015244,1.40988477,2.763338031,2.247745768,2.832917828,1.900804307,1.386716213,2.007109042,2.084472695,2.109871364,1.731920224,1.41455711
2018/4/13,4.11445588,2.533150147,2.894735253,2.126981917,2.192280516,1.537695651,2.719945884,2.83202987,2.932686054,2.194225589,1.410281453,2.336133504,2.040537007,2.618200527,1.08909122,1.090853153,1.289735987,1.797378395,1.811272345,1.779848519,1.487068062
2018/4/16,4.139365169,2.211594068,2.209440632,2.12606875,2.174311869,1.952921467,2.213787007,2.308936741,3.171565984,1.699909138,2.413371609,2.330928406,1.623930615,3.210251878,1.793142904,0.759929129,1.843050609,1.825140435,2.197008891,1.699050867,1.307146467
2018/4/17,4.050275117,2.334653391,2.325552386,1.431276646,0.85540174,2.458017807,2.20191815,2.678805721,3.153337475,1.82077224,2.084909555,2.894110283,2.434384771,2.870836582,1.750588867,0.742942068,1.978958752,1.248478213,2.029485128,1.559210391,1.116912154
2018/4/18,3.795714096,2.477627651,2.475406211,1.963548587,1.675465236,1.739582747,1.76977884,2.240459585,3.217750978,2.676169296,2.753943573,2.124293348,1.55300087,2.95903355,1.472239359,1.115621953,1.630025991,1.479433697,2.437354294,2.322416151,1.286747394
2018/4/19,3.106151325,2.499831509,2.51164531,1.651418214,1.432553206,1.926657487,2.189169323,2.288917782,2.833551795,2.248539826,1.590560588,1.717548106,1.485431269,2.454817031,1.762304749,1.337038679,1.899723967,1.260970419,2.658141961,2.112595061,1.492825553
2018/4/20,4.445716773,2.327944247,2.31960118,1.65524128,1.7568299,1.7941793,2.659596245,2.767741166,2.987107397,2.258077409,1.947354007,2.158817528,2.250418957,2.916736785,2.051240213,1.084007445,2.272641219,1.674114174,1.995471555,2.494250752,1.103271202
2018/4/23,3.089133679,2.499795197,2.476897358,1.937627974,2.329679399,1.596484346,2.369356773,2.789506052,2.768470376,1.977676565,1.931683086,2.412070436,2.325045979,2.420803254,2.143058871,1.759896138,2.132703075,2.452392419,2.154369541,2.26088481,1.648003568
2018/4/24,4.595855774,2.239005276,2.242228917,1.5810212,1.303986569,1.663278791,3.356386717,3.530441439,3.237120537,2.080684987,1.878510165,2.718229617,1.920954684,2.518718322,1.5675979,1.180107387,1.809772656,1.962463345,1.750727724,1.49769547,1.621302436
2018/4/25,4.763423386,2.455698641,2.465082714,1.57936587,1.600253079,2.043569725,2.656572032,2.837138305,1.871093014,2.03722322,2.66614499,2.770818748,2.431150282,2.296557143,1.88501113,1.564749675,2.005981303,1.974830122,1.819183529,1.965910828,1.803951362
2018/4/26,4.258461269,2.310698836,2.326809712,1.27873965,1.424134974,2.24424857,2.537194812,2.658384774,3.23520818,1.789838258,2.334194259,2.398117181,2.404773844,3.11507634,2.167615372,1.084130058,2.367785037,1.435568704,2.137429876,1.743155026,1.366900003
2018/4/27,3.882996879,2.172644112,2.220319567,1.538135197,1.77436291,1.757819421,2.065616735,2.901399868,2.949764265,1.955153831,2.580302785,2.303956983,1.813761724,2.489358663,1.844114189,1.224840668,2.014625528,1.798635556,2.75201615,1.927417231,1.419528495
2018/5/2,3.412151512,2.189465893,2.229062637,2.116667291,1.880785638,1.99743148,2.537919063,2.48734518,2.567428297,1.97781844,2.093933115,2.998450984,1.818304412,2.250916736,2.042715263,0.837530752,2.186915287,1.491332043,2.254476933,2.015712807,1.962184566
2018/5/3,4.301443382,2.4923882,2.490973827,1.870353591,1.990475206,1.621833734,2.926320934,2.984160176,2.988986055,2.026866572,2.259657217,2.482905628,1.962724274,2.475143818,1.658917542,1.47450199,1.765771059,2.30976233,2.050824693,2.0944725,1.909570132
2018/5/4,3.131562662,1.933428582,1.994073957,1.525676226,1.717750414,1.84312564,3.184362926,3.309801519,2.227081909,2.073709482,2.330751646,2.307498499,1.836189267,2.911684519,1.94236889,1.304722447,2.087763545,1.876666257,2.127585618,1.989204776,1.595468982
2018/5/7,3.96600652,2.066523201,2.115118279,1.765201699,1.817991213,2.123755793,2.080190295,2.180028133,2.871558503,2.118540775,2.172647434,2.575521685,1.777021091,2.585670065,1.891061666,1.33766591,2.040228711,1.907406091,1.60940956,1.693940489,1.522945837
2018/5/8,3.722599401,2.359699111,2.375712083,1.07187113,1.117459311,1.617034189,2.208604198,2.147705066,2.852885406,1.990623793,1.98580252,1.945253675,1.920068906,2.497041157,2.060694893,0.65742537,2.277479909,1.718584835,2.223666867,2.381861956,1.021824389
2018/5/9,3.756629152,2.482602997,2.477213479,2.122242529,2.144305578,1.783490584,2.449885872,2.60123449,1.9294705,1.763131127,2.680269025,1.857260595,1.592716888,2.124898663,1.981327061,0.938642044,1.982202818,2.176229434,2.213453517,2.591344174,1.505092678
2018/5/10,3.790441931,2.404444038,2.412021543,1.323185911,1.363285184,2.007084108,2.210321991,2.241603811,2.084409738,1.743053225,2.422064712,2.235020859,1.616889768,1.640924025,2.0674609,1.470431963,2.315815659,2.005763122,2.607535968,2.384004341,2.11841514
2018/5/11,4.462319951,2.058231745,2.089062494,1.428001527,0.900644344,1.993326726,1.87041893,1.952861048,2.226472769,2.427711453,1.711679824,1.811526692,1.579925043,2.200012165,1.791693808,1.208904351,1.989689236,1.483535671,2.074910973,1.839715621,1.327452199
2018/5/14,4.224176038,2.155948574,2.123880546,1.070962781,1.530201788,1.749066373,1.943449205,2.167154498,2.255132783,2.364072028,1.769145947,2.050944183,1.304648524,1.817523317,1.713218557,0.553345866,1.904771663,1.573776431,1.749278522,1.700723637,0.872715505
2018/5/15,3.92043871,3.153637951,3.151625181,1.901099769,1.860130052,1.894486481,1.955097595,1.894962923,2.222279987,1.675228134,2.261278351,2.053787302,2.000652349,2.735312756,2.361422361,1.64857243,2.442242553,2.146208218,2.338300576,2.489126048,1.812423039
2018/5/16,3.824721783,2.25419103,2.252718548,1.847922638,2.608305878,1.390538924,1.883938332,2.18436856,2.306276047,1.621703373,1.416560653,1.825088626,1.833899898,2.693070203,1.834405604,1.058475238,2.168962167,1.375618798,1.710476658,2.191469892,1.634224462
2018/5/17,3.99770112,2.158861876,2.186648308,1.495031665,2.049598502,1.68443982,2.161978785,2.454640929,2.48758381,1.485135723,2.399292658,2.457671084,2.364816963,2.860573705,1.738711595,0.93373376,1.780066089,2.111504733,2.108285225,1.866242863,1.023617662
2018/5/18,3.744603954,2.023313727,2.03551384,0.84877365,1.925150503,2.071001517,1.473461058,1.75755858,2.897669898,1.470963058,1.728619253,1.973365307,2.094886222,2.197716571,1.813664218,1.204167535,1.975080915,1.624199114,1.853355755,2.396656376,1.078519895
2018/5/21,3.262039362,2.344779459,2.328003535,1.976779297,1.849198498,1.333199214,1.734678812,2.289376266,1.942465902,1.748371252,2.580662171,2.285531298,1.850061871,2.136523598,1.924647574,1.179878211,2.04297026,1.790434596,2.072479102,2.304098512,1.703716584
2018/5/22,4.069394839,2.01253492,2.056798753,1.222635036,2.050350388,2.130364136,2.14644584,2.266612584,2.405192824,1.369680827,1.963908378,2.52242621,1.592561698,2.636418207,1.734073655,0.910711902,1.960839025,1.432305421,1.908210687,1.984222147,1.121786816
2018/5/23,4.390663582,2.274285922,2.345283769,1.014533252,2.100851611,2.296013297,2.306037301,2.662595629,2.560045173,2.714570409,2.800739315,2.955188201,2.819771592,2.972001094,2.125897617,1.304908315,2.429117876,2.668756367,2.479057949,2.227810823,1.900455587
2018/5/24,4.12856988,2.522014532,2.539266803,1.942588515,2.431221918,2.147240138,2.339759204,2.49210454,2.352540393,2.652116283,2.551509969,2.901553063,2.74537907,2.010283724,1.625879953,1.254271221,1.7874616,2.506449326,1.950736779,2.126014375,1.111890798
2018/5/25,3.705016404,1.973202235,1.948411716,1.906031764,2.112236204,1.65048994,1.65213706,1.750022739,2.407628239,2.281628456,2.006263084,2.591226584,2.704996059,2.068852316,1.922663167,0.36296102,2.156618232,1.880371371,2.121685877,2.323120118,1.018780053
2018/5/28,3.918263705,1.489683287,1.631268698,2.200857573,2.094501144,1.753986823,2.282402752,2.212966938,2.651986168,1.943561132,2.537562365,2.936383518,2.870473946,2.44695414,2.065860517,0.605031007,2.493311341,1.838658595,1.377375727,1.700727423,1.139724079
2018/5/29,4.226222095,2.530828609,2.560384889,1.435660225,1.731357297,2.741428647,2.669241905,2.529641896,2.513480556,2.323410613,2.884887351,2.866765321,2.951230898,2.27483054,2.224546364,1.458151853,2.571976482,2.674704847,2.35682403,1.941772859,1.800154425
2018/5/30,3.691995981,2.050316199,2.046937273,2.198481382,1.975124595,1.922173277,2.431313202,2.044702902,2.642139336,2.041009378,2.371721954,2.385213071,2.322720626,2.356934597,2.439743989,0.887471664,2.749788981,2.069272317,1.756699434,2.910457685,1.741761502
2018/5/31,3.637614122,2.130749527,2.222145128,1.144232165,1.526222626,2.054185934,2.223222121,2.238991603,2.941272739,2.091453674,2.43317138,3.143418014,2.719875321,2.679071123,1.891552588,1.071629195,2.098677742,1.846357325,1.797681468,2.733655408,1.339577402
2018/6/1,3.407456661,2.307857309,2.33596428,1.962636256,2.06383766,2.096215529,2.037496312,2.37069537,2.694313705,2.42598202,2.322365258,2.533135735,2.230257311,2.103907309,1.969213265,0.789142737,2.286336888,2.357241936,2.231696281,1.892815377,0.875336324
2018/6/4,3.742061577,1.966585474,2.017131522,1.736406617,2.297456921,2.023576127,1.282284401,1.939851837,2.409416755,2.101758452,2.346406758,2.47458388,1.918958845,2.305344239,1.886393942,1.309724515,2.132516953,1.625124027,2.191029242,1.752570776,1.385176098
2018/6/5,3.626698903,2.290686172,2.301023749,1.738790637,2.116639565,1.976373614,1.700371893,1.846748806,2.59544909,1.906293492,2.152547233,2.732577004,2.38431226,2.382132547,1.900540343,0.926857268,2.073430467,1.731382149,2.218830822,2.597560043,1.177484852
2018/6/6,3.295118966,1.993551851,2.002335363,1.938728192,1.455067587,1.781215908,2.297679435,2.341336048,1.650971765,2.122101435,2.171734851,2.555926053,2.542788897,1.837963321,1.8301724,1.127318475,2.10455237,1.631624355,1.473191935,2.324358094,1.254177266
2018/6/7,2.602027086,2.051008752,2.047704209,1.4874754,1.455440931,2.222091831,2.101718039,2.706222783,2.262207415,1.83323064,2.16235428,2.624514765,2.527228422,1.712573551,1.667795966,0.605375165,1.874054702,2.038751632,2.126001693,1.780096427,0.944272544
2018/6/8,3.046229845,1.945006761,2.050008552,1.387575338,1.753960725,2.328507856,1.87855249,2.174582022,2.903236784,2.229400624,2.44104975,2.816231394,2.425101004,3.028993556,1.685827311,1.047267099,2.103277012,1.934060604,1.973714197,2.23834515,1.302373039
2018/6/11,3.535753213,2.034644067,2.092923849,1.436759128,1.556948671,1.4051429,1.420187027,1.640541969,2.394097011,2.253434112,2.411128131,2.291067694,1.816667554,2.164957901,1.375826467,0.4669833,1.562028557,2.124700561,2.107545214,1.836311992,0.594342268
2018/6/12,4.13464218,1.970085347,2.015207395,1.659994939,1.432292551,1.82008811,1.513645129,1.754506869,2.981070403,2.371820312,2.210617246,2.46828506,2.304578018,2.397644722,1.715348657,0.60335883,2.003022858,1.639801881,1.950587335,1.504456386,0.838659289
2018/6/13,4.119270132,2.170586478,2.245925439,1.387024575,2.06420156,1.837614267,1.93694558,2.226522285,2.369140193,1.589314701,2.336920883,2.408922465,1.702621528,2.524136249,1.868132619,0.989130866,2.00370273,1.79539696,1.928513075,2.137020654,1.331283766
2018/6/14,4.183920295,2.357939128,2.355104163,1.773965715,1.790048951,2.842722083,1.643396129,1.898959609,2.69728246,2.084155268,3.058776024,3.390527041,3.342838802,2.777242924,3.069902063,1.144101912,3.340748886,2.094019084,2.777346252,2.639625518,1.825326812
2018/6/15,3.767675934,3.217283753,3.241918125,1.572954398,1.624161967,1.645259311,2.166587986,2.032064853,2.572886349,1.758858534,3.086811877,2.638172797,2.500641418,2.285217449,1.796567603,1.480522651,2.119034946,1.69497559,2.042152489,2.261685222,1.524057207
2018/6/19,2.949670967,2.532400385,2.544551474,1.155418799,1.639257773,1.918144036,2.209490684,2.617417094,3.70983307,2.855783506,2.52376905,2.338098531,1.920282808,3.269499223,2.235462215,2.095640051,2.424161357,2.364464316,2.36902884,2.108223731,2.125008047
2018/6/20,3.578988763,2.113233451,2.092913612,1.667537312,1.940823308,1.667991026,1.512640409,2.020414325,3.11816316,3.05648692,2.72122243,2.08845248,2.284549805,3.035683376,1.611055265,1.024139575,1.816819037,1.833013978,1.763729503,1.520792529,1.234987616
2018/6/21,2.788416407,2.124418891,2.193536659,2.00697013,2.471446803,2.318600649,2.33831455,2.736868062,3.2799973,2.691455741,2.917971981,3.111800741,3.008318079,3.141905297,2.348002951,1.602917484,2.509714091,2.253718797,2.68274677,1.461358344,1.955620934
2018/6/22,4.893676175,1.491164009,1.445881295,1.670310992,2.022273327,1.85277643,1.564743597,2.199617625,3.062759819,1.825194878,2.998956018,2.147098727,2.591113653,2.612229592,1.746862507,1.006955552,2.014386211,1.501094685,1.908603411,2.352611221,1.405164421
2018/6/25,3.645727858,2.030344828,2.085002763,1.882095831,1.63236778,1.403419632,2.92732644,3.202856352,3.134947173,2.523511366,3.269207561,3.136381002,2.828604518,2.995919291,1.798762183,1.586647399,2.111638907,1.954868613,1.787621125,1.59347688,2.096197161
2018/6/26,3.59537598,2.483903067,2.469472448,1.218206978,2.142813799,2.065811315,1.987017661,2.370234916,3.034456513,2.614649878,2.1109777,2.750752691,2.004789139,3.049884802,2.003065866,2.139150755,2.134570009,2.184596818,2.169543421,1.520040676,2.281362627
2018/6/27,3.172350654,2.172318308,2.181288065,1.337095384,1.597539814,2.319305061,2.980270835,3.234408653,3.451178974,2.05280062,2.916479522,3.382512839,3.298241511,3.253076585,2.388062783,2.067220174,2.56921542,2.133710888,2.450151224,2.248318813,2.077331998
2018/6/28,4.037697118,2.059336849,2.06534823,1.442087586,1.169346618,1.334201069,2.618279552,2.794908961,2.9966033,2.603728386,2.137447968,3.235236683,2.980492702,2.779601997,1.699978978,1.425808953,1.938699361,1.956726304,1.829102507,2.250872546,1.610879997
2018/6/29,4.392722173,2.221819533,2.235575902,1.44264043,1.317916464,2.341375635,2.361427955,2.375536085,3.362000492,2.269001736,2.612745929,2.430248854,2.138833305,2.992080838,2.361622397,1.89253478,2.575170021,1.768312982,2.545728622,2.520524626,1.792391119
2018/7/2,4.202526151,2.619424795,2.624364766,1.812455606,1.475579734,2.000948919,2.483055361,2.950612366,3.716472868,3.313394808,2.677899445,2.76622643,2.403386723,3.120140919,2.076692164,1.974165923,2.308284885,1.561065128,2.297555795,2.001765314,2.444765093
2018/7/3,3.667046439,2.882236934,2.896501335,1.96995832,1.790421739,1.425783779,2.371414784,2.679441534,3.555200121,2.925454686,2.5788114,2.632984006,2.420898995,3.23520092,1.644858274,2.61321229,1.634121667,1.86779452,2.071568495,1.903753714,2.699935897
2018/7/4,4.022231447,2.192141487,2.116799784,1.906581269,1.922463505,1.398469116,2.297198994,2.580154306,2.999182879,2.252847126,1.593427028,1.81836784,1.725279614,3.00857601,1.377751133,1.903755087,1.594128393,1.247561198,1.926439489,1.47451646,2.316815015
2018/7/5,3.556336159,2.085226493,2.231351564,1.436942396,1.582667953,1.397965337,2.217124234,2.469972301,3.140827337,2.729780417,2.063685026,2.658250733,2.664777413,2.997752904,1.647539867,1.511613368,1.928117188,1.473165318,1.817402412,1.36904154,1.535774123
2018/7/6,3.36862555,1.781996329,1.781041177,1.576063408,2.035216225,1.971013805,2.557143476,2.778574908,3.540557117,2.466178536,2.22859814,2.01763327,2.328405249,3.241175444,1.952901315,1.531305376,2.15371371,1.495926936,2.031494304,1.920956336,1.807259141
2018/7/9,2.962925289,2.34027466,2.321702338,1.079350878,1.498367172,2.122666943,1.898008448,2.104368644,3.295725417,2.683917225,2.481260083,1.852519517,1.987802709,2.495880716,1.812629285,1.624459944,1.733495964,1.750726433,2.699475494,1.59104766,2.146752611
2018/7/10,4.362333537,2.500386665,2.499080818,1.997936082,2.092641009,1.793107049,1.345864401,1.907337139,2.505278981,1.861161153,1.73506708,2.297487248,1.918064617,2.479160162,1.741097472,1.929085555,1.952700308,1.755703192,1.89679265,1.37010768,2.116111396
2018/7/11,3.024062564,2.668075561,2.662465356,1.620548265,2.093012759,1.936208649,1.833414019,2.037134539,2.873180445,2.756723161,2.840155734,2.371681855,2.211949945,2.66261172,2.13773241,1.551419362,2.199190072,2.671997676,2.020405285,2.572833962,2.588145921
2018/7/12,3.866103272,1.947101403,1.920192019,1.876207476,1.857738491,2.218672658,1.984751786,2.453886583,3.461179227,2.408680194,2.368857128,2.185922175,2.498672714,2.77548194,1.30491449,2.056171391,1.509289131,1.982242007,1.699898193,1.748653633,2.253782479
2018/7/13,3.078458432,2.39084953,2.430527607,1.152288613,1.502459069,1.856502908,1.661547787,1.774421615,2.101728607,2.954717487,2.271820301,2.045515156,1.509119652,2.154185607,1.919631521,2.264478908,2.01335563,1.706187268,2.487170314,1.702398962,2.247263738
2018/7/16,4.21141,1.93622878,1.936067742,1.151921,1.715754324,1.994826511,1.442908391,1.928569309,2.72959535,2.777347492,2.739943661,2.18504693,2.006787156,2.707033529,1.508329255,1.798598632,1.610120564,1.315870435,1.910261796,1.622936882,1.903944907
2018/7/17,4.743216535,2.876717297,2.881379582,1.44264043,2.26423102,2.156388981,2.324573625,2.849524992,2.734562061,2.563699964,2.190377589,2.718519041,2.229803384,2.572499432,2.261140661,1.766692815,2.232432168,1.9653444,2.843167817,2.23323545,1.901010296
2018/7/18,3.674878682,2.044213742,2.039121968,2.476886623,2.869625459,1.804784442,1.490276968,1.79037511,2.792208937,2.052289489,2.195654817,1.742706787,1.506349454,2.629669067,1.698454785,1.605073166,1.827173227,1.439502827,2.407727998,2.151961791,2.019276102
2018/7/19,3.430491413,2.8578015,2.878133039,1.587855381,1.832716621,2.266062513,1.614170535,1.735740194,2.784268717,2.112751596,1.856359927,2.211243494,1.985183257,2.603875609,2.206612639,2.390570964,2.309660182,2.421669645,2.399721303,2.415674087,2.456178382
2018/7/20,3.732249202,2.762336609,2.775018029,2.08856085,2.153457833,2.392981349,1.3776685,1.871951098,3.571516831,2.810260426,2.406736889,3.074690776,2.862208763,3.11292589,2.421107639,2.046776592,2.39829666,2.546260195,2.558239824,2.722319333,2.288998993
2018/7/23,4.003992395,2.512276063,2.49692691,1.277819686,2.1241141,1.580841521,1.708103004,2.333805557,3.027630106,2.135536453,2.146941391,1.937990056,1.752873422,2.502662514,1.831754741,2.257928322,1.866626881,2.111660328,1.867778667,1.736158667,2.401540003
2018/7/24,4.628609374,2.379051555,2.379649395,1.083755367,1.548327105,1.307195278,2.038568339,2.814911697,3.054545036,1.958229346,2.619748024,2.730682879,2.595149671,2.864988983,1.761888285,2.050871004,1.80667011,1.75426369,2.05269415,1.567735751,2.157942991
2018/7/25,3.828286617,2.346369185,2.313237388,1.083755367,1.857366327,1.556089002,2.507788307,2.621972224,2.027295577,1.610395479,2.343535037,2.659168641,2.098439119,2.075829001,1.868119041,1.984487788,1.982233582,2.007379205,2.270469117,2.521454939,2.404878042
2018/7/26,4.06829048,2.530360039,2.512241792,1.217838857,1.290218088,1.734539304,1.427090151,1.931252794,3.046494657,2.138766815,1.880723369,2.428726281,2.25373016,2.90325663,2.156588304,2.227728832,2.323417569,1.943808941,2.270317123,1.817021588,2.694044047
2018/7/27,4.099468263,2.259502307,2.252166628,1.217838857,1.02176757,1.731722531,2.649641083,3.335748451,2.364350533,1.801370748,2.088078092,1.857138042,2.088104162,2.277975419,1.257042087,1.912096647,1.489926462,1.58090371,1.476802703,1.28182884,2.144647639
2018/7/30,3.811146907,1.763603202,1.770690511,1.010107238,1.137839869,-0.543099046,2.267290115,3.013143128,2.99606268,1.742964116,2.161166784,1.513552573,1.66254361,2.484121538,1.812797425,1.419669935,0.075676027,0.503658805,0.654067922,0.403768906,0.976786347
2018/7/31,4.249743041,2.646153716,2.652056316,0.93052459,1.242127638,1.4843927,1.899799321,2.651828937,2.437464566,2.810191781,2.559136388,2.382275868,1.915795289,1.75592065,1.622839387,1.167014244,1.7714016,2.50691973,1.96959542,2.306184875,2.479019086
2018/8/1,3.681310339,2.174311869,2.161702582,1.780589503,1.53917597,1.427194504,2.097400274,2.223140281,3.459552491,2.087733682,2.855024909,2.433230422,2.008363776,3.103229591,1.012303729,2.043938146,1.486839106,2.067831471,1.495575923,1.68350517,1.8912184
2018/8/2,3.350940271,2.622856753,2.624763829,1.49226055,1.548327105,1.67050423,2.617273637,3.098464499,3.641445295,2.689161535,2.749891845,2.447154354,2.072699256,3.271172182,1.961803968,2.056312682,2.139118829,1.475654445,2.321049139,1.483769789,2.39114329
2018/8/3,3.583550417,2.724363255,2.711267356,1.850321397,1.838969808,1.647670049,1.661999939,1.791032988,3.121300589,1.833717181,2.598305765,2.021623156,1.919187434,2.018415195,1.559820313,2.549773726,1.619997855,2.017352111,1.79179348,1.849413497,2.619957163
2018/8/6,3.808510838,2.409330677,2.389922773,1.627361682,2.069603018,1.809692327,1.943777614,2.136856117,3.404609574,2.025240036,1.914440017,2.780675016,2.244332321,2.650183577,1.416349213,2.22824238,1.452397468,1.391439196,2.139870014,1.560884704,2.090958701
2018/8/7,4.187087164,2.151398503,2.102442313,1.447074218,1.806136326,1.45132169,1.103452982,1.459247384,3.597544502,2.142497252,2.583011105,2.122732532,2.329038593,2.852380636,1.58420083,1.905982904,1.749176912,1.60011245,2.253028425,2.298947598,2.246720591
2018/8/8,4.523773274,2.224175361,2.262533764,1.888947748,1.553555889,1.601604297,1.323262308,1.690323614,2.964294436,2.264032661,2.507677966,2.374284651,1.924797758,2.31087387,1.657438057,2.068436978,1.694211781,1.824156321,2.252950947,2.295496896,1.893379667
2018/8/9,4.207428518,1.86247723,1.911519982,1.499295679,1.319338915,1.903515486,1.439448682,1.815336127,3.617143113,2.037705969,2.221958091,2.381943812,1.955683279,3.072377019,1.979569036,1.444089805,2.232550405,1.653427963,2.105129589,1.760173932,1.672838202
2018/8/10,4.434450082,2.405786099,2.408001413,1.018607713,1.756200168,1.772129944,1.892908198,1.945842376,2.685509801,2.844680993,2.528159502,2.888370199,2.772465246,2.699238794,2.407752652,1.679998107,2.716225632,1.951933138,2.343562286,2.310365756,1.765282438
2018/8/13,4.025591608,3.065620119,3.074094689,1.158373833,1.098205431,1.425079162,2.254925747,2.38655379,3.009948181,2.657939676,2.071870571,1.922919915,2.228032377,2.375556963,1.500135484,1.486270571,1.938464986,2.154158824,2.403370796,1.82521262,1.926469256
2018/8/14,4.083590068,1.906156857,1.885171104,1.954259709,2.266412544,1.754792466,1.901117407,2.216655962,2.480406801,2.770760346,2.288792953,2.739504946,2.46491182,2.864357039,2.05773256,1.224086375,2.30123759,2.01504302,2.386976737,1.92225351,1.401785107
2018/8/15,4.186679383,3.054738297,3.054202522,1.792287768,1.958124683,1.917440585,2.339999921,2.690908705,3.358863125,2.634192044,3.159362801,3.360252404,3.32808058,2.994202374,1.439766154,2.067618354,1.718026676,2.351653883,1.927059255,2.416435288,2.358388301
2018/8/16,3.569288028,3.071138707,3.060579831,3.023838776,3.070084702,1.918345113,2.040851989,2.068585391,3.378761938,2.954398368,2.328142849,2.048216174,2.331198878,3.117673592,1.698293817,1.967534402,2.010839352,1.930146147,1.843247131,1.672797162,2.740949063
2018/8/17,3.824534826,2.662512334,2.570671697,1.806395092,1.739129657,1.68994922,2.178965916,2.442860438,3.425186698,1.606838466,2.266696433,2.328926005,2.424801464,2.689122551,1.931284326,1.665791887,2.098282586,2.044692351,1.637291429,2.360309132,2.216598367
2018/8/20,3.755445277,2.091419248,2.052776983,2.028309417,1.933276125,1.918948586,1.301447772,1.97890696,3.02749889,1.961016671,2.164272579,2.478032376,2.180519088,2.819966186,2.036313323,1.361160262,2.200623766,1.948960945,1.839715621,1.519156526,1.570932586
2018/8/21,3.593161678,2.234214047,2.258777757,1.964373166,1.965302154,2.164854721,1.561942643,2.184292207,3.065687464,2.574858569,1.903691582,2.378553018,2.544375206,2.31960735,2.179451731,1.337510344,2.487862042,2.095289167,2.459048057,1.354400746,1.674941598
2018/8/22,4.484785123,2.176990014,2.171650055,1.901287882,1.940116651,1.764206008,1.527954308,2.114328664,2.326667176,2.461067676,2.44444307,2.157128096,1.852675151,2.740265153,1.69497559,0.575611348,1.922021155,1.814619289,1.799975101,1.649246296,1.288167652
2018/8/23,3.438449204,2.53806911,2.538500562,1.50844097,3.283400409,1.657676231,1.777857458,2.162357999,2.858674303,1.472366821,1.831870731,1.672749353,1.504947649,2.783297203,2.045751899,1.499659002,1.952581412,2.119984909,2.337166919,2.251580288,2.108812925
2018/8/24,3.649150248,3.202596329,3.207845414,1.684671604,1.691457067,1.876925234,1.709267407,1.819329071,3.051054856,2.032633944,1.49848017,2.224855265,1.796286,2.517112634,2.107811775,2.675237619,2.341965185,1.404560018,1.992082271,2.122366963,2.771123765
2018/8/27,3.495599386,2.210975563,2.195259947,2.074651685,2.054118319,1.914357136,1.683286015,1.936649554,3.131472026,2.060652709,1.903803061,2.503112046,2.101557201,2.609567412,2.018646557,1.239026425,2.268107279,1.467390157,1.860083207,2.299562305,1.651796981
2018/8/28,3.61860014,2.65128518,2.645995996,1.550751355,2.094814145,2.016778889,1.402913057,1.658590702,2.237626125,2.270595508,2.190275467,1.849998152,1.815959563,2.635161844,1.785380301,1.153111345,1.927005262,1.418509909,1.843573832,2.13190815,1.563872912
2018/8/29,3.145259937,1.901132994,1.907278257,2.199999578,2.045512934,2.179228197,1.966563683,2.317946026,1.989979885,2.005680459,2.618167449,1.851217314,1.768933742,2.156854081,1.612258482,1.433308337,1.740492012,1.996432971,2.814138473,1.638587426,1.920081765
2018/8/30,3.671020776,2.438936242,2.42546392,1.233604764,0.98531464,1.233044068,1.919126127,2.200544283,2.893309468,2.300388011,2.30362862,2.476239203,1.891023483,2.816412638,1.682065264,1.356075173,2.010869435,2.109862559,1.614913669,2.161646957,2.296970894
2018/8/31,3.113721318,2.336800481,2.327270651,1.862589272,1.78498418,1.819212457,1.753888923,1.747665509,2.756016673,2.371177986,2.601645711,1.97727684,2.662579914,2.299153825,2.117429721,1.548220679,2.337659415,1.549482143,1.96823598,2.349762603,1.963161657
