Date,DCC_UFE,DCC_UJE,UFE,UJE,GUE,DCC_GUE,DCC_EUE,EUE
2017/5/15,0.356701475,0.195291741,6.45274267,1.088023676,1.379888302,-0.139961655,0.125415694,4.357502521
2017/5/16,0.341887698,0.185328678,6.45458879,1.079993405,1.351572783,-0.143376123,0.06678282,4.326853324
2017/5/17,0.32933447,0.190464015,6.630021495,1.154815403,1.423808922,-0.125016213,0.108927159,4.879342839
2017/5/18,0.362430086,0.476006349,7.631190668,1.493392728,1.490890176,-0.115689673,0.157154416,5.872037568
2017/5/19,0.348941565,0.421781394,7.670625069,2.467854816,1.470204678,-0.082930942,0.071452462,6.790547896
2017/5/22,0.343785034,0.376415953,8.389181508,2.430281525,1.575817267,-0.058623211,0.107511544,7.309991876
2017/5/23,0.358046287,0.282636178,8.734973651,2.133160478,1.70935399,-0.099243226,0.249065606,8.091417748
2017/5/24,0.346162254,0.276401893,9.120402864,2.091096787,2.274812335,-0.096192594,0.098515201,6.70961288
2017/5/25,0.291636158,0.23967993,5.915614174,0.62871707,0.460229192,-0.124957273,-0.001214265,1.40825436
2017/5/26,0.112473382,0.026989085,4.749609036,1.798959,0.445966061,-0.127509842,-0.053966117,1.143597097
2017/5/31,0.140753607,0.149362282,6.46261597,1.280760722,0.159446634,0.114492599,0.100562715,2.222258557
2017/6/1,0.167174206,0.152507779,5.149656153,0.637465121,1.228010388,0.125211672,0.100393853,1.91209068
2017/6/2,0.160764256,0.160542195,5.354896805,0.56446172,1.20954525,0.107580045,0.036683152,1.864638461
2017/6/5,0.150139657,0.127644776,4.288960754,2.059325944,1.009538039,0.095294153,0.058750881,1.517247212
2017/6/6,0.120715207,0.084099231,3.911654411,3.051934438,1.648444986,0.072408999,0.003914577,0.979748637
2017/6/7,0.059156736,0.221133314,2.729721644,3.55958854,2.038854755,0.018876727,-0.123654149,0.784691674
2017/6/8,0.075677764,0.215165303,1.920354907,3.243624367,2.344445378,0.007242701,0.079949684,0.451515534
2017/6/9,0.089930449,0.204652738,2.117991661,3.741450097,1.725390839,-0.000651089,0.066469067,0.526036046
2017/6/12,0.088605647,0.136152938,2.054950566,3.835844976,1.702581009,-0.104702926,0.051679215,0.509311327
2017/6/13,-0.230028197,0.182226768,0.791886279,3.034996625,0.161533085,0.048574924,-0.274945441,0.068661653
2017/6/14,-0.191624662,0.165575612,1.847972354,1.647373726,0.381701142,0.042348431,0.052374358,0.148704111
2017/6/15,-0.05155392,0.333223147,2.157020829,0.840868269,0.130901837,0.057804883,0.231226777,0.450793055
2017/6/16,-0.006253915,0.404750783,2.40112229,0.936406188,0.198546577,0.090472903,0.194263031,0.667152358
2017/6/19,-0.012722952,0.371030767,2.005856565,0.708023591,0.115505762,0.050718057,0.061896187,0.493374411
2017/6/20,0.00458265,0.327685143,2.228319646,0.712781576,0.285476069,0.041369656,0.060531145,0.620795936
2017/6/21,0.002445007,0.260095042,2.006007497,0.729474864,0.53454403,0.082703596,0.00679548,0.716901732
2017/6/22,0.050463663,0.240587925,1.50156036,0.480512068,0.240988261,0.047503646,0.110392806,0.404926187
2017/6/23,0.13975809,0.268876224,1.662811217,1.234740272,0.50779422,0.175058343,0.204158085,0.635123937
2017/6/26,0.14806486,0.429718197,2.126176696,1.426826164,0.582213344,0.189430716,0.07815729,1.105735033
2017/6/27,0.127301909,0.381964545,1.806145052,2.250247308,0.32957683,0.075190875,-0.044845256,0.497215184
2017/6/28,0.227686624,0.381066447,1.662841822,2.381789064,0.081213722,0.134449477,0.265229271,0.219791376
2017/6/29,0.224452335,0.342771873,1.108462555,2.765548758,0.576849745,0.096809658,0.053197667,0.592993024
2017/6/30,0.245007843,0.198222409,1.879071471,2.412904658,1.286325423,0.07663472,0.049017699,0.967005165
2017/7/3,0.257823918,0.146603032,1.502313238,2.537557013,2.491613066,0.074171508,0.12039108,0.214738598
2017/7/4,0.251763435,0.108025493,1.538913534,2.52970669,2.59551158,0.061356027,0.059365258,0.331831845
2017/7/5,0.313031292,0.098662995,1.434255861,2.400040499,3.167607252,0.201483247,0.232198982,0.374313862
2017/7/6,0.304550248,0.069397732,1.770178028,2.531336165,3.512302095,0.228858453,0.107452125,0.553819991
2017/7/7,0.230731968,0.142432265,1.625607708,4.540832836,4.149328129,0.281597603,-0.162487389,0.252271344
2017/7/10,0.198797259,0.244562453,1.690954129,5.625596136,3.864784318,0.281505404,-0.003526441,1.062098083
2017/7/11,0.166318554,0.150424226,1.15588221,4.599941809,3.253641445,0.168196106,-0.071637434,0.954666513
2017/7/12,0.168106015,0.148531637,1.250564631,4.320029824,3.330897877,0.147326969,0.060132899,1.52964804
2017/7/13,0.174437533,0.170754039,1.235901308,4.15824017,3.275905029,0.134213998,0.102048854,1.295428126
2017/7/14,0.146822517,0.168860291,1.071137639,4.728093303,3.416812767,0.136814181,0.017035086,0.841776697
2017/7/17,0.181745889,0.25572583,1.182316895,5.123508155,3.399870546,0.221159149,0.104369446,1.099085975
2017/7/18,0.195527397,0.121332838,1.375277269,3.728977769,3.14726274,0.08771325,-0.092300619,1.261353457
2017/7/19,0.273859275,0.180032722,1.823673061,3.706234435,3.526657345,0.120595145,0.196670082,1.548112676
2017/7/20,0.2382876,0.172897552,1.677246592,3.795297113,3.573865846,0.062005799,0.035674741,1.307060886
2017/7/21,0.390397218,0.267148656,2.416193428,3.723164062,2.746363549,0.083547124,0.494834869,1.492878319
2017/7/24,0.386971773,0.273176584,2.424851666,3.633937651,2.561002143,0.052345747,0.058028329,1.184061944
2017/7/25,0.398089915,0.247952103,2.854396898,3.955165223,3.268007289,0.077432198,0.098626131,1.408772815
2017/7/26,0.394036878,0.31030712,2.865072166,4.25344244,3.047734185,0.028872731,0.11399171,1.39703529
2017/7/27,0.38405919,0.297095169,3.182664863,4.244090287,3.041079838,0.042151919,0.116183474,1.559905544
2017/7/28,0.363775993,0.286197928,2.296726547,3.45786408,3.088163052,0.046433674,0.11890867,1.208616147
2017/7/31,0.370372803,0.279213094,2.422412201,3.490086035,3.368140354,0.041665052,0.122663905,1.34664547
2017/8/1,0.362968532,0.235710746,2.46958348,3.657802156,3.400677439,0.060322302,0.113222168,1.416042314
2017/8/2,0.323468548,0.200113347,2.206150833,3.885705962,3.261798297,-0.06957701,0.013145544,1.015066116
2017/8/3,0.297508442,0.180351037,2.151975562,4.084495917,3.753510336,-0.006267226,-0.046898028,0.827753885
2017/8/4,0.290509789,0.153057701,2.35240208,4.184321929,3.448816392,-0.020887814,0.068501623,0.860368861
2017/8/7,0.28690752,0.166862676,3.078958746,5.764230767,3.681682849,-0.001891882,0.098572371,1.102319631
2017/8/8,0.220705059,0.040738723,3.473651147,4.434838033,2.482258994,-0.076551758,-0.027158105,1.414055162
2017/8/9,0.221823383,0.068025672,3.38174033,4.738006742,2.638067997,-0.066179921,0.03602213,1.43193601
2017/8/10,0.208441072,0.085810781,2.888270229,4.725132038,2.66814828,-0.067133097,0.063498487,1.461800741
2017/8/11,0.208943488,0.046342606,2.954840013,4.942975189,2.742000904,-0.019678833,0.037036255,1.404563167
2017/8/14,0.185439354,0.050281497,2.981028458,5.253154598,2.751411586,-0.012665554,0.1796654,1.480178799
2017/8/15,0.26379652,0.084740834,3.868546945,4.778559201,2.789548287,-0.080921082,0.050678139,2.113658813
2017/8/16,0.222533022,0.297039463,3.809738021,5.34992421,3.052138359,0.060462111,0.256183298,2.391484133
2017/8/17,0.285442043,0.306740356,4.238168826,5.558049422,2.85344192,-0.020631035,0.154430942,2.612205739
2017/8/18,0.281104067,0.283105579,4.149472921,5.934676214,3.906154192,-0.032188878,0.085533912,2.531408529
2017/8/21,0.303856495,0.310873478,6.71262054,6.391208435,2.693300064,-0.038587748,0.040822657,3.707365837
2017/8/22,0.237589302,0.239039851,6.190179066,5.83272304,3.37532438,0.021442228,-0.027313885,3.987019319
2017/8/23,0.259999784,0.238895474,6.122801887,4.608105229,3.206821934,0.047342441,0.107558348,4.40829851
2017/8/24,0.255537519,0.198988014,6.377439661,3.358532581,3.242121155,0.062164527,0.051346009,3.989233472
2017/8/25,0.240444975,0.194889299,7.486405182,3.359411672,3.113042594,0.03411911,-0.008424293,4.252819873
2017/8/28,0.128913074,0.167503969,6.586221065,3.477567307,2.971947999,0.013920909,-0.104241027,4.129955432
2017/8/29,0.141750442,0.192526103,6.702702605,3.982432794,2.928501663,0.031567274,0.070263572,3.68051128
2017/8/30,0.184370697,0.226084484,6.213380799,3.628266534,3.408280843,-0.011211956,0.119063997,3.451994242
2017/8/31,0.121012718,0.169413951,4.381878194,3.027112412,3.142815001,0.058700234,-0.026592359,2.301377654
2017/9/1,0.098938277,0.151433964,3.492747105,1.660543145,2.80680436,0.056459721,0.02886043,1.354398925
2017/9/4,0.087562339,0.136612035,3.214535947,1.844064889,3.708399366,0.044985092,0.014259123,1.174847869
2017/9/5,0.166195144,0.034026954,2.926117646,1.177876938,2.616386861,-0.184808526,-0.038312531,1.087173318
2017/9/6,0.209993328,0.186545722,2.949830198,1.134745874,4.204277858,-0.059153194,0.05318222,0.84347605
2017/9/7,0.209220675,0.182793726,2.464312638,1.44853094,5.234188229,-0.059094575,0.043165211,0.726476036
2017/9/8,0.141904007,0.093842002,1.695444773,1.130822485,5.459883483,-0.045459394,-0.067028951,0.365444547
2017/9/11,0.229835958,0.242677449,1.830850387,1.742611747,6.575151818,0.105503031,0.083728204,0.359592067
2017/9/12,0.175215593,0.161835404,0.929714516,0.956983975,5.882554221,0.114627557,0.040638653,0.248927044
2017/9/13,0.1852807,0.174709909,0.74152649,1.016967757,5.483306618,0.122643328,0.021005574,0.518329255
2017/9/14,0.21768958,0.183053708,0.696067784,0.34604296,4.330328781,0.184928658,0.209794997,0.30434583
2017/9/15,0.295849441,0.265281512,0.799860115,0.265304275,7.228672561,0.438416212,0.133487379,0.607921603
2017/9/18,0.336275547,0.414570839,1.003083425,2.412241232,9.409603096,0.495833289,0.142784722,0.257473658
2017/9/19,0.322761515,0.387436421,0.720108258,1.923322611,9.763838766,0.47364095,-0.024441499,0.341656807
2017/9/20,0.310590591,0.352217438,0.748472658,1.983946049,9.739094436,0.421131815,0.052435268,0.657147298
2017/9/21,0.24396177,0.272797644,0.496426828,1.291015501,8.407684225,0.316417891,0.013526635,0.818708169
2017/9/22,0.241624396,0.22718634,0.427084991,1.298786951,8.199589751,0.298408493,0.101662047,0.958214889
2017/9/25,0.223058435,0.219558018,0.684875015,1.975665197,8.169035524,0.268818451,0.060679073,1.317620616
2017/9/26,0.258769527,0.246407256,0.624145527,2.035578922,7.758491208,0.272319488,0.132191072,1.464398991
2017/9/27,0.202330697,0.122988449,0.558572245,1.774205356,6.802318737,0.200043094,-0.085913637,0.858567487
2017/9/28,0.234512279,0.182465812,0.110170018,1.86514017,7.728495826,0.180370209,0.088573373,1.328956822
2017/9/29,0.229532071,0.147218484,0.179725072,1.755650879,7.723706529,0.137718869,0.044170374,1.459314447
2017/10/9,0.234597121,0.161065596,0.056109646,1.90133516,7.256097869,0.118080463,0.081257075,1.592258865
2017/10/10,0.145105745,0.07830984,0.371371292,1.618549007,7.948081769,0.125500615,-0.063864723,2.157135811
2017/10/11,0.135519756,0.050854043,0.362148167,2.163618667,7.485054686,0.092625395,0.006509687,1.996561175
2017/10/12,0.170108414,0.144484148,0.634575163,2.818991557,8.280910081,0.20509225,0.040987483,1.517524632
2017/10/13,0.122148982,-0.050992512,0.636215815,1.632984402,8.950202848,0.322656283,-0.093738915,2.473893581
2017/10/16,0.140134908,-0.030236742,0.55435756,1.331147713,9.01790014,0.275184718,0.058373527,2.284754866
2017/10/17,0.165000363,0.004502608,0.518498754,1.885919369,9.717140993,0.241824487,0.119724025,1.655565667
2017/10/18,0.170819576,-0.003020179,0.442805671,1.591505754,9.249271234,0.222651953,0.051488706,1.506620994
2017/10/19,0.17346816,0.08437029,0.27167601,1.513090341,9.315654795,0.103979824,0.072866297,1.669726229
2017/10/20,0.142757752,0.068041701,0.360434717,1.662222502,9.828309103,0.086019893,0.018955268,1.903128783
2017/10/23,0.208193611,0.15140297,0.246822438,2.105667021,10.163171,0.111586812,0.133666899,2.098463047
2017/10/24,0.197429866,0.160585665,0.145212982,1.676478938,10.15095404,0.069140701,0.031735247,1.872014705
2017/10/25,0.225188616,0.16939504,0.215588416,1.69866215,10.22444016,0.102166114,-0.039863793,2.120603188
2017/10/26,0.2353446,0.174776886,0.33072125,2.018000802,9.653346337,0.142191462,0.043420358,2.118264978
2017/10/27,0.18768703,0.164909361,0.323142221,2.279321157,9.165926518,0.096976217,-0.028814678,2.78658192
2017/10/30,0.185417714,0.148498632,0.26488335,2.368229168,9.682328925,0.079246191,0.050456873,2.479858261
2017/10/31,0.182829596,0.08680685,0.304062544,1.643190707,9.224712912,0.05687617,0.088512802,2.723949532
2017/11/1,0.174724245,0.106644106,0.191800252,1.744915379,10.19684215,0.051417575,-0.003858227,3.062620014
2017/11/2,0.184377299,0.106683292,0.166608839,1.72996542,10.60933214,0.028474635,0.024965364,2.911372936
2017/11/3,0.257138686,0.09488895,0.143633397,1.401135341,11.46134966,0.258876911,0.079944147,2.65040681
2017/11/6,0.263892892,0.116711695,0.162664345,1.178084962,10.93757482,0.225493678,0.099175215,2.381677779
2017/11/7,0.247366253,0.155500508,0.127591058,0.978826979,11.45009263,0.211717539,-0.006648592,2.434320266
2017/11/8,0.283550891,0.173872854,0.325918419,1.433093887,11.67920503,0.226564359,0.093339927,2.340324965
2017/11/9,0.05321558,0.124385984,0.360499912,1.45918797,11.69022328,0.181010482,-0.191932758,3.163352016
2017/11/10,0.062735959,0.114771651,0.459840458,1.229254215,11.70133727,0.157619163,0.061217065,2.615021465
2017/11/13,-0.005299886,-0.114273707,0.796297447,0.681729564,11.24195068,0.212821959,-0.078595766,3.299410517
2017/11/14,-0.02410128,-0.183734668,0.88265707,2.35642649,11.39448435,0.257833547,-0.21110961,4.147141395
2017/11/15,-0.008117167,-0.128463242,1.317847848,1.190295333,10.7078683,0.216165948,0.032632823,4.747317007
2017/11/16,0.025526619,0.002845225,1.727971751,0.691204332,9.8973265,0.154068377,0.070271858,4.884399323
2017/11/17,0.047713007,-0.010563435,1.978446259,0.842213318,8.573100903,0.072582608,-0.09195351,4.934422243
2017/11/20,0.06830692,0.038197419,1.862339458,0.65540037,10.87045179,0.060101043,0.047357767,4.538711203
2017/11/21,0.083860949,0.053244199,1.707775046,0.89186506,10.94687354,0.04953151,0.057700983,4.73301333
2017/11/22,0.061250304,0.025165023,2.017985568,1.03284349,10.01783728,-0.044975639,-0.048231995,5.395488935
2017/11/23,-0.040933331,-0.111919387,2.453929032,1.746861229,9.523951549,-0.096738618,-0.043001023,5.540505993
2017/11/24,0.071786183,0.072988364,1.93753567,1.739228152,10.4357202,0.045983428,0.214042929,4.752019029
2017/11/27,0.078173774,0.074286294,1.702728436,0.867306577,10.02914415,0.035593408,0.075404368,3.875242182
2017/11/28,0.092772532,0.083766658,1.878216271,1.115653905,10.26257255,0.031477701,0.06560895,3.601433099
2017/11/29,0.117068027,0.090911923,2.026223947,1.260052891,9.150045902,-0.046523011,0.018513649,4.552587424
2017/11/30,0.035036984,0.133646366,1.926456522,1.271020655,7.350932958,0.034690702,-0.009222439,4.770385319
2017/12/1,0.078304381,0.197358669,2.078691597,2.821386499,4.618935213,0.130491254,0.279184198,4.298942768
2017/12/4,0.204045485,0.297520742,1.175587026,2.845895039,3.40769628,0.126221536,0.137199892,4.431173473
2017/12/5,0.20443691,0.275239808,1.518451346,2.984228711,3.46750179,0.107763064,0.060637846,3.900438681
2017/12/6,0.21263493,0.272696948,1.121838824,2.539201603,3.935472577,0.073932771,0.051719157,3.896361995
2017/12/7,0.157213974,0.184975549,2.296130885,3.791482557,3.338946001,0.031385301,0.005781589,3.74930191
2017/12/8,0.165198122,0.253376385,3.284547973,4.201749584,4.393580154,0.207444316,-0.227566932,4.357371741
2017/12/11,0.133219862,0.125602597,4.252199918,4.014706553,5.892088675,0.286229836,-0.121896835,4.829064827
2017/12/12,0.079069689,0.049858663,2.711537206,2.460010824,6.168916472,0.25853656,-0.045496191,4.036632853
2017/12/13,0.075695487,0.023635422,3.531421963,2.749860136,5.878857189,0.214291196,0.071662216,4.416837408
2017/12/14,0.127660372,0.095181836,3.056488265,2.274868344,5.942816458,0.212571998,0.147889352,3.784873739
2017/12/15,0.136618473,0.10502433,3.17641522,2.336033503,6.086875397,0.170323412,0.072475169,4.128423217
2017/12/18,0.142778238,0.110707362,2.839980514,2.008463234,6.139234975,0.217944828,0.030505488,3.985826876
2017/12/19,0.152911039,0.104666625,3.477610667,2.035049859,6.057865754,0.192001307,0.073560667,3.892368104
2017/12/20,0.0744318,0.038022226,3.549011902,2.108139224,4.664516563,0.084441794,0.061764296,3.83721474
2017/12/21,0.073695239,0.0233821,3.754174336,1.112721298,2.82611534,-0.091885164,0.060494526,3.425750207
2017/12/22,0.063810008,-0.115572201,3.945878278,1.441909848,1.457750308,-0.187973788,-0.198911966,3.73087561
2017/12/25,-0.189369957,-0.42278103,6.32064047,4.067449848,0.302398731,-0.325358395,-0.054810861,4.559983519
2017/12/26,-0.184784769,-0.370632654,2.406110838,2.782210706,0.25793986,-0.305194606,0.032282764,4.306365994
2017/12/27,-0.204535348,-0.374283115,3.246788249,3.447424789,0.389257654,-0.347246623,-0.222695099,5.311375133
2017/12/28,-0.192280939,-0.359804919,2.782410055,3.321746087,0.571109644,-0.339786404,-0.001872925,4.947618775
2017/12/29,-0.101732464,-0.283021335,3.115764578,2.995019544,0.572206311,-0.354981984,0.040952351,5.183750996
2018/1/2,-0.07725815,-0.232607532,3.084971179,2.965920272,0.333909947,-0.305661721,0.084675733,5.678130434
2018/1/3,-0.07127916,-0.145310429,3.184657372,2.863963364,0.225258023,-0.248483958,0.083442493,5.144819003
2018/1/4,-0.04721074,-0.095722473,3.742542207,2.895856019,0.118236249,-0.2205641,0.066654802,4.927200106
2018/1/5,-0.05327798,-0.114221871,3.457430733,2.599272445,0.034799546,-0.248369111,0.10240211,4.152130199
2018/1/8,-0.063890323,-0.099529963,3.405661905,2.388253976,0.066741148,-0.31907732,-0.030101992,3.984527085
2018/1/9,-0.119563235,-0.138266485,3.327920879,2.225480613,0.122529874,-0.352410917,0.172756721,3.879710736
2018/1/10,-0.072392945,-0.079041536,3.585978709,1.963631538,0.08049857,-0.324877929,0.030714498,3.643405386
2018/1/11,0.009954147,0.083865506,3.277820181,1.897757241,0.10255392,-0.303271682,0.131545865,3.551329939
2018/1/12,0.101610233,0.126976494,3.077083402,1.584911574,0.213830973,-0.235023371,0.28907818,2.956641915
2018/1/15,0.15265015,0.140409233,3.263497061,1.490801161,0.417814612,-0.082665988,0.192510968,3.284034779
2018/1/16,0.164692625,0.148529678,3.477286833,1.421177676,0.515219065,-0.074616094,0.083559739,3.896906949
2018/1/17,0.260530327,0.156044895,2.303126036,1.126200712,0.813472284,-0.223052798,0.148787875,3.2919543
2018/1/18,0.30485636,0.264027528,1.677004248,0.332828268,1.168695345,-0.049686659,0.294690836,2.386079847
2018/1/19,0.318838103,0.256391177,1.702009022,0.225954526,1.129968795,-0.034114217,0.119731745,2.221390202
2018/1/22,0.318445882,0.232013989,1.76141934,0.552464931,1.547157551,-0.025596767,0.075381982,1.994766855
2018/1/23,0.260927673,0.221032409,1.61997129,0.528323675,1.294643872,0.064642787,-0.037472958,1.943921196
2018/1/24,0.265714519,0.25835697,1.359034555,0.593968109,1.028471807,0.077650395,0.092976866,0.998951687
2018/1/25,0.284908151,0.279242942,1.753248962,0.358082379,1.290052189,0.137418636,0.146760115,1.112623358
2018/1/26,0.288124819,0.275043581,1.928384607,0.40382036,1.499171715,0.148017108,0.129450385,1.347115657
2018/1/29,0.320499015,0.357049865,1.515378161,0.830474092,1.241592371,0.198439334,0.203494074,1.40414689
2018/1/30,0.309246632,0.324397783,1.41547979,0.889562734,1.378778307,0.185681119,0.082996363,1.372131345
2018/1/31,0.337729567,0.308141145,1.111399937,0.947694475,0.871784457,0.287022393,0.229392048,1.245918173
2018/2/1,0.332008514,0.289681591,1.538539691,2.389292795,1.2898991,0.259084691,0.079283234,0.919959196
2018/2/2,0.379001027,0.22234527,0.414043278,1.433747034,0.595462175,0.261791384,0.329406066,2.275972665
2018/2/5,0.400949415,0.340450779,0.45556209,1.471718801,0.921342145,0.345488889,0.207295636,1.155420933
2018/2/6,0.442166464,0.421937417,0.485193258,1.609844437,0.869887536,0.419660408,0.229966209,1.262358204
2018/2/7,0.472451218,0.455527186,0.47132789,1.344411054,1.620971036,0.441877677,0.255942553,0.533526758
2018/2/8,0.49034137,0.419711193,0.567561518,1.284456439,1.834175635,0.431321718,0.256344983,0.384299268
2018/2/9,0.491332198,0.417175405,0.560874091,1.171663823,1.888943054,0.424692325,0.086149101,0.391631291
2018/2/12,0.467891692,0.415817286,0.339686908,1.192598293,2.122525758,0.420669818,0.08397322,0.371853683
2018/2/13,0.399286492,0.313468156,0.398116729,0.766511562,2.145351662,0.352809282,0.016614472,0.879895219
2018/2/14,0.384550317,0.284430448,1.088158072,0.471615737,1.85023985,0.312931619,0.074400511,0.865809986
2018/2/22,0.412130937,0.324177973,1.066356126,0.313391657,1.477184082,0.37961143,0.29632511,1.088942721
2018/2/23,0.427629955,0.360499925,1.158668724,0.412289641,0.833514772,0.367689068,0.11838954,0.292340849
2018/2/26,0.395360239,0.319950176,0.646559859,0.466446083,0.816056363,0.327327261,0.019036408,0.074334846
2018/2/27,0.39275211,0.315506265,0.548892613,0.414370939,1.077282645,0.347819938,0.070952015,0.188304208
2018/2/28,0.375610852,0.29692272,0.583444862,0.590431134,1.046330157,0.315912159,0.10544714,0.184814047
2018/3/1,0.371622117,0.295755205,0.62450906,0.513569066,0.997621621,0.305026925,0.013513354,0.648601488
2018/3/2,0.374587246,0.30227492,0.880298216,0.593968497,1.212814805,0.235234623,0.132314671,0.228154058
2018/3/5,0.261344207,0.16003278,1.146633751,1.070571063,2.077757594,0.272686144,0.02249575,0.302427362
2018/3/6,0.24082185,0.050205428,0.739726783,1.405466532,0.619962435,0.170320318,0.020157441,0.507423118
2018/3/7,0.238682701,0.057900099,0.480336586,0.805365539,0.351723704,0.166464555,0.103373107,0.362886842
2018/3/8,0.319524337,0.115379022,0.39075593,0.826814929,0.431603344,0.017431299,-0.064870036,0.386842055
2018/3/9,0.349914137,0.034461154,0.40378485,0.695790361,0.349148141,0.056180562,0.205088217,0.391106676
2018/3/12,0.292682835,0.120125851,0.264217739,0.636338899,0.064035594,0.059530901,0.0583058,0.200287461
2018/3/13,0.265917653,0.121968855,1.551076511,0.515918593,0.856040035,0.002119699,-0.037757386,0.155099992
2018/3/14,0.262849523,0.134718865,0.527560785,0.266532331,0.736874041,0.007361383,0.073791549,0.729654623
2018/3/15,0.229401812,0.130983688,0.845385254,0.320319269,1.108002506,-0.118619778,-0.013133825,0.735687448
2018/3/16,0.261784033,0.129514057,1.003399012,0.180263527,1.301464758,-0.142419918,0.09366025,1.115363575
2018/3/19,0.260330747,0.151302059,1.426639691,0.233450403,1.090516333,-0.131581414,0.062959398,1.082140594
2018/3/20,0.252982734,0.147334515,1.136457589,0.033613327,1.085346185,-0.07084012,0.089273639,1.191878321
2018/3/21,0.264489221,0.151435735,0.704906894,0.688371377,0.909943705,-0.080954123,0.165886089,0.647034437
2018/3/22,0.201752166,0.12100409,0.765210014,0.348819976,1.010975506,-0.125686344,-0.013099577,0.341494414
2018/3/23,0.198401302,0.148856893,0.967346685,0.353967223,1.295869576,-0.084302163,0.09919644,0.56264007
2018/3/26,0.191878736,0.16157887,1.721647136,0.670641055,2.062947128,-0.084195478,0.060331589,0.811359016
2018/3/27,0.184353327,0.207003287,1.127634031,0.438156472,1.802996796,-0.043739538,0.163550674,0.629334227
2018/3/28,0.193910347,0.185117742,1.384703802,0.604546377,1.808297302,-0.011415342,0.079812112,0.600229688
2018/3/29,0.10055217,0.028213961,1.102264571,0.416343608,1.750687307,-0.042742305,-0.02334576,0.369577355
2018/3/30,-0.022337831,0.040750271,2.253978477,0.982847883,1.684741034,-0.078172278,-0.136876063,0.782870438
2018/4/2,-0.033731255,-0.008298949,2.404072671,0.777433811,1.860431371,-0.165442536,-0.114454009,1.125260394
2018/4/3,-0.000106647,0.010927128,2.819832787,1.01833561,3.536152091,-0.130048652,0.068754298,1.374846168
2018/4/4,0.028022748,0.066328008,2.525125705,0.727230715,1.891017604,-0.141021734,0.076569212,0.801375516
2018/4/9,0.055321805,0.141222475,2.571937623,0.990113084,2.337789847,-0.157484065,-0.037190085,1.092960381
2018/4/10,0.049616689,0.12417398,2.560508788,1.003337787,2.28977822,-0.15522686,0.043120763,1.156975108
2018/4/11,0.108709569,0.064996285,3.254215031,1.216879068,3.18900388,-0.022796302,0.053431224,1.367359891
2018/4/12,0.194813534,0.099273468,4.766198554,1.987721566,4.938871381,0.093847047,0.239050378,3.242882735
2018/4/13,0.254194661,0.143624185,3.310209799,1.293870124,3.368750143,0.086635183,0.090923524,1.834491042
2018/4/16,0.234821164,0.137579327,4.997105669,1.377095291,4.56430576,0.068266931,0.039256414,2.49111509
2018/4/17,0.232629525,0.131798558,4.828508576,1.481643324,4.499082968,0.061263252,0.060016502,2.302480555
2018/4/18,0.216970043,0.109707958,4.328393277,2.483734103,4.964311864,0.051281184,0.063956753,2.547712341
2018/4/19,0.228790892,0.149923667,4.505032636,3.180769738,3.911506354,-0.005595844,0.111022755,2.775554705
2018/4/20,0.2055567,0.317118588,5.150565285,5.659248406,1.961890496,-0.224559349,0.070474589,3.320463413
2018/4/23,0.186359775,0.256077456,4.422914405,4.659823836,2.71636986,-0.203693397,0.130968575,2.383261078
2018/4/24,0.264347164,0.08195559,5.721786464,3.469118678,1.883241564,-0.194103487,-0.041643156,1.455656072
2018/4/25,0.213894214,0.089766512,4.208585748,2.872103806,1.846217723,-0.213972682,0.027593887,1.02802863
2018/4/26,0.224268582,0.097528237,3.0181033,2.063967641,1.449582393,-0.233359627,0.085587581,0.365830285
2018/4/27,0.234201012,0.061206947,1.835071752,1.726048406,1.384789178,-0.19924813,0.105971335,0.189187387
2018/5/2,0.238510975,0.082671011,1.171276125,1.29119097,2.196853531,-0.192692723,0.055934454,0.089514329
2018/5/3,0.211794912,0.195402225,1.111149111,0.992603226,1.962174538,-0.200935237,-0.040724448,0.166064667
2018/5/4,0.17623719,0.211397254,1.744165174,0.774908847,1.592408574,-0.177663272,0.035876771,0.089725201
2018/5/7,0.192839417,0.200896883,2.239687284,0.413059758,1.541341015,-0.164152795,-0.027816833,0.179955101
2018/5/8,0.188506035,0.191579397,1.499010528,0.330399019,2.475850063,-0.122759991,0.058722363,0.668851634
2018/5/9,0.218400172,0.208815856,1.283469253,0.163474603,2.740759572,-0.125668433,-0.008304393,0.942748228
2018/5/10,0.230044265,0.161159612,1.589681256,0.084931017,2.761858821,-0.127865588,0.053090058,0.835666085
2018/5/11,0.219098624,0.148976536,1.450155417,0.124949078,3.758903471,-0.164619769,-0.006899079,0.973582344
2018/5/14,0.22174459,0.027967239,1.496583571,0.288028601,3.952507957,-0.139746035,0.075737548,1.100846843
2018/5/15,0.201929471,0.015603844,1.358454433,0.434869716,4.237899594,-0.144376263,0.059302108,1.042095406
2018/5/16,0.20520182,0.027889879,1.310932314,0.499434603,4.334517871,-0.141594963,0.010996914,1.414446636
2018/5/17,0.242193426,0.108762885,2.416830955,0.383776248,4.548780952,-0.076621974,0.022546092,1.513195968
2018/5/18,0.240549633,0.11109562,3.134921613,1.22436438,4.168264681,-0.069219657,0.068414132,1.489499243
2018/5/21,0.214904349,0.162889751,3.10161527,1.497711215,3.988364184,-0.019997351,0.051069116,1.572384162
2018/5/22,0.35661323,0.19607776,3.378776893,1.476927678,3.248803823,-0.019412562,-0.005893241,1.097964692
2018/5/23,0.341159405,0.166547011,2.356837379,2.315321905,3.776671551,-0.019812837,0.064140497,2.14654831
2018/5/24,0.353880422,0.233088902,2.534010555,2.431226559,3.331359273,0.048575013,0.164099623,1.451116873
2018/5/25,0.341428103,0.223807378,2.794739678,2.032867544,3.034133533,0.035426025,0.055761607,0.987841622
2018/5/28,0.353200371,0.212917222,2.87495997,1.573685044,3.157329749,0.017304697,0.005131227,1.226544399
2018/5/29,0.343350172,0.20490856,2.93003175,1.432656009,1.926729185,0.055940937,0.007063072,0.990694342
2018/5/30,0.33951807,0.231366303,2.378960284,1.63437971,1.54961338,0.067077007,0.126215757,1.05088305
2018/5/31,0.31970997,0.191673951,1.91753889,1.161858245,1.24067296,0.107465569,-0.111056829,1.222542375
2018/6/1,0.282431992,0.194495041,1.717723688,1.186984926,1.261997872,0.139776038,0.020255619,1.285384013
2018/6/4,0.22120481,0.051309478,1.206191982,0.734767637,1.351227439,0.060933749,-0.070374204,2.081689921
2018/6/5,0.209080647,0.102832394,1.530257386,0.932981759,1.221920887,0.033245324,0.026442807,2.04869907
2018/6/6,0.198791754,0.144282606,1.454513092,0.999037756,1.594241263,-0.005123245,0.023881382,2.191642583
2018/6/7,0.229999117,0.226601166,1.608608482,1.227995951,0.826548957,0.181156086,-0.02084661,2.143849679
2018/6/8,0.074385947,0.133830327,0.805607281,0.748161677,0.924568359,0.107717088,0.085242566,1.711266153
2018/6/11,0.011411631,0.133829387,0.777459066,0.660131685,1.061615532,0.109748132,-0.00615159,1.892940167
2018/6/12,0.074293552,0.108956211,0.943555505,0.688437187,1.046955813,0.088654837,0.135901888,1.239812593
2018/6/13,0.084952512,0.100634009,2.439582709,0.360956568,1.055791769,0.072054036,0.06832901,0.869550035
2018/6/14,0.095298486,0.102035541,2.363237893,0.593293662,0.62807221,0.056553755,0.067334253,0.050771478
2018/6/15,0.124998367,0.117150857,2.322609622,0.613866105,0.546580307,0.076613968,0.113652506,0.532102022
2018/6/19,0.148690144,0.153758982,2.123199235,0.430259575,0.395056755,0.067396018,0.040005645,0.346781407
2018/6/20,0.13850453,-0.0716257,1.902011303,0.00908852,0.497614228,-0.078639313,-0.167072309,0.412391461
2018/6/21,0.16679774,-0.018731864,2.068338187,0.001469689,0.494359462,-0.03027654,0.082926458,0.660352387
2018/6/22,0.049379141,-0.108473849,0.914900213,0.04168779,1.939772176,-0.224773164,-0.215349244,0.484771081
2018/6/25,0.049242754,-0.153559584,0.476180169,0.357499084,2.541526945,-0.2189307,0.082172106,0.387356315
2018/6/26,0.099575666,-0.105258181,0.366117055,0.830190879,2.724881303,-0.164773332,0.034164132,0.443536212
2018/6/27,0.097226675,-0.093066161,0.347794115,0.892012828,3.043180892,-0.158165406,0.018397411,0.941965852
2018/6/28,0.022838065,-0.100373742,0.140401239,0.997215131,3.565115463,-0.234426905,-0.190385849,1.466859515
2018/6/29,0.038769486,-0.057918696,0.030965599,0.873510998,3.78279887,-0.20327799,0.063012514,1.791196796
2018/7/2,0.083028274,-0.048837881,0.064475551,1.026930941,2.884315267,-0.110695125,0.162365841,1.615470783
2018/7/3,0.097538619,-0.041091552,0.093393965,2.153825879,2.42485223,-0.084829488,0.092252284,1.453721941
2018/7/4,0.162391782,0.009215738,0.18586474,1.745676251,2.205799865,-0.07542335,0.127545227,1.664581631
2018/7/5,0.163668202,0.035918893,0.052296381,1.175810901,2.256681211,-0.064976359,0.067475632,1.960041592
2018/7/6,0.231379512,0.136493381,0.240690578,1.085949794,1.539017611,0.010114375,0.0610848,1.716989198
2018/7/9,0.210656818,0.224935541,0.285672317,1.052127598,1.944083357,0.017346599,-0.036272283,2.353888789
2018/7/10,0.139437087,0.242680119,0.274099414,0.880046677,2.289594197,-0.226519372,0.160248487,2.510593015
2018/7/11,0.134568396,0.205728752,0.257021602,0.957712408,2.063642391,-0.210484931,0.067796836,2.050522138
2018/7/12,0.133265556,-0.04239613,0.258292886,2.539276456,1.386132607,-0.158458112,-0.077161431,2.198874537
2018/7/13,0.125865268,-0.01563483,0.452835397,3.607216012,2.176226323,-0.115578585,0.0951662,2.409826327
2018/7/16,0.146971136,0.075440152,0.199304089,3.654807489,2.614615544,-0.212062652,0.019833625,2.695275872
2018/7/17,0.155152712,0.050220254,0.162080781,4.56909169,1.861912352,-0.192693051,0.03694462,2.845837574
2018/7/18,0.19799649,0.06325133,0.278448542,4.023865151,1.826138034,0.016647625,0.161369798,1.700357488
2018/7/19,0.211047236,0.126175043,0.28811728,3.08920693,2.635123891,-0.01655022,0.08475289,1.391770464
2018/7/20,0.133594077,0.033708731,0.239107043,3.300154324,2.561318974,-0.076363356,-0.069225747,1.520246998
2018/7/23,0.092609049,-0.004841055,0.229032874,2.516419066,2.100071802,-0.112671828,-0.020186972,1.234113924
2018/7/24,0.10683939,0.017922484,0.228411829,2.466929313,2.55992441,-0.0968974,0.065368972,1.599838322
2018/7/25,-0.008163438,-0.009188244,0.177576093,2.814813846,2.388153564,-0.085741203,0.011040968,1.200980097
2018/7/26,0.034439016,0.013174774,0.200949385,2.989280822,2.599027968,-0.094438141,0.055769032,1.066525377
2018/7/27,0.051038584,0.037168489,0.202654295,3.329123039,2.801660727,-0.08108467,0.064871952,0.948855744
2018/7/30,0.063615876,0.042524048,0.252485542,3.6148824,2.710443581,-0.079446273,0.043356946,1.028999152
2018/7/31,0.166266469,0.165980764,0.473015394,2.986725725,2.194100499,0.062497437,0.208301274,0.607023718
2018/8/1,0.15831031,0.18116145,0.876547538,1.24616398,1.236576609,0.049156257,0.050128817,0.311026897
2018/8/2,0.175055418,0.157038774,1.24752911,2.284287983,1.301440704,0.108607293,0.137034197,0.262690691
2018/8/3,0.185462234,0.229384878,1.407268475,2.174507078,1.404453224,0.028422922,-0.013994883,0.276840172
2018/8/6,0.200203307,0.201005656,1.285852477,2.213559574,1.355315881,0.062990892,0.13152149,0.271769047
2018/8/7,0.204225334,0.22183794,1.265812785,2.220584599,1.172035532,0.047005401,0.121235474,0.371706315
2018/8/8,0.1824046,0.185333026,2.167127801,3.58756914,1.573776546,0.049930193,0.04774509,0.673255531
2018/8/9,0.135578773,0.142882851,2.403092486,3.409297901,1.785899325,0.081345744,-0.014934642,0.697470124
2018/8/10,0.139517213,0.117211431,2.137650566,3.523440284,1.786804229,0.07129593,0.09141325,0.716440327
2018/8/13,0.120742617,0.116738997,1.875889115,2.931363015,1.636892978,0.111345839,0.222774121,0.463469409
2018/8/14,0.126754797,0.118399814,1.982704117,2.805556279,1.825661405,0.087111899,0.064371158,0.392309533
2018/8/15,0.131670981,0.124219849,1.956572749,2.743442347,1.886105594,0.076652663,0.068922748,0.368913642
2018/8/16,0.137569959,0.155865716,1.830752128,2.591267725,2.247831166,0.052599764,0.039654277,0.313798723
2018/8/17,0.142564723,0.15044101,1.387402675,2.451560023,1.683743313,0.102608375,0.03082698,0.301768431
2018/8/20,0.168196942,0.136000795,0.849485049,2.406778777,1.824584701,0.129225363,0.034937303,0.265831149
2018/8/21,0.17278717,0.135645945,1.127263964,2.3082776,1.833971413,0.138695436,0.002066365,0.267506285
2018/8/22,0.126018835,0.091230446,1.21554664,2.287801162,1.853740062,0.018062207,-0.111257632,0.335676542
2018/8/23,0.100125512,0.060508385,1.236881037,2.246044832,2.275037582,-0.038790299,0.055837031,0.397362799
2018/8/24,0.16818161,0.018188932,2.15565971,2.626306171,2.95843655,-0.105503704,0.050878147,0.767887844
2018/8/27,0.178206351,0.133768803,2.158462478,2.469701099,3.180428951,-0.078710317,-0.038927188,0.847501785
2018/8/28,0.18056401,0.220329138,2.061861645,1.459012272,2.761486711,-0.014395071,-0.050717498,0.554776122
2018/8/29,0.168020412,0.265805391,2.481976859,1.35443438,2.841616785,0.027940827,0.062857675,0.586525851
2018/8/30,0.078311837,0.205250268,2.062545721,1.034680107,2.521493456,-0.226034521,0.150384819,0.09610577
2018/8/31,0.149344828,0.172952909,1.955976723,0.474048042,1.734264807,-0.152440334,0.048100607,0.117424192
2018/9/3,0.167659124,0.271641096,1.651679128,0.252734676,2.499566281,-0.099452262,-0.136670795,0.186459171
2018/9/4,0.318038604,0.39487063,0.599536466,0.078166591,2.545493961,-0.05244229,0.311371615,0.304454384
2018/9/5,0.256746428,0.347687441,0.405182128,0.357880335,2.745758065,0.028421039,-0.038165429,0.080004274
2018/9/6,0.227190617,0.215547246,0.389969829,0.583700396,1.356300559,0.102664353,0.119670152,0.169102829
2018/9/7,0.226876614,0.205089626,0.621109133,0.514910398,0.818508929,0.084606537,0.055560531,0.009894605
2018/9/10,0.215812886,0.136737335,0.895976131,0.438824289,0.800154383,0.011678599,-0.062988105,0.03699885
2018/9/11,0.139086464,0.288590934,1.328423015,0.323839261,0.790643122,-0.177122502,-0.084927839,0.17044025
2018/9/12,0.193070969,0.281058733,0.921274813,0.178751149,0.654616315,-0.195454627,0.025372959,0.148187221
2018/9/13,0.20681862,0.298049148,0.995866319,0.374937717,0.594189936,-0.169752479,0.00175865,0.219665514
2018/9/14,0.211569325,0.242252697,0.948730182,0.473523789,0.578056363,-0.156828466,-0.000248548,0.233734084
2018/9/17,0.256947715,0.304408536,0.578085185,0.818469511,0.341942963,-0.12428222,-0.068684276,0.499587749
2018/9/18,0.248031476,0.270164877,0.671479684,1.096821123,0.11386219,-0.112234037,0.056693595,0.394084539
2018/9/19,0.230310048,0.210990841,0.74980089,0.543148486,0.074772565,0.077215166,0.045970863,0.274064557
2018/9/20,0.215410153,0.223940902,0.780490811,1.105933602,0.122209392,0.057272629,0.075246355,0.286716641
2018/9/21,0.083155995,0.229078655,0.977954515,0.335505171,0.061662502,-0.112779735,-0.156428822,0.588668261
2018/9/25,0.0958959,0.219088202,0.944750185,0.326533067,0.498233567,-0.108954197,0.06330042,0.366432067
2018/9/26,0.153500781,0.269134601,1.740617343,0.484947571,0.098848491,-0.10407084,0.091581554,0.498514422
2018/9/27,0.114018923,0.27472401,1.73344485,0.66139164,0.49599571,-0.068905238,0.060161811,0.463219588
2018/9/28,0.045880317,0.227829833,1.289370014,0.752162765,0.644482916,-0.080941858,-0.029261226,0.322037106
2018/10/8,0.018784599,0.294395942,1.643321338,0.668459962,0.505531112,-0.072985162,0.004214121,0.425905559
2018/10/9,0.146378005,0.071568163,1.46062114,0.456168651,0.419206465,-0.123624157,0.043208013,0.454110059
2018/10/10,0.467813189,0.514101454,1.349167943,2.977325445,4.580963147,0.479829026,0.670990826,2.787190204
2018/10/11,0.453280691,0.456745747,1.108814128,2.93422438,4.478765857,0.442310781,0.081587439,2.526028509
2018/10/12,0.40280481,0.395708554,0.26631653,0.986517495,1.856480012,0.393726229,0.023791607,0.423615322
2018/10/15,0.3785174,0.347691852,0.874248335,3.426347291,3.147661876,0.34394335,0.043179521,1.831385573
2018/10/16,0.272215301,0.142109947,2.57655143,5.301343278,4.049084824,0.156444648,-0.242472536,5.257454363
2018/10/17,0.262600558,0.13434571,4.998756964,6.006458393,5.12212772,0.137028347,0.079783061,6.502359116
2018/10/18,0.252564358,0.126014178,5.102366629,5.78531131,5.147453033,0.118665802,0.026273377,6.737755953
2018/10/19,0.24978819,0.116980595,4.833247134,5.560436511,4.721813828,0.092515845,0.04384921,6.452273128
2018/10/22,0.335531392,0.13902069,4.603862512,5.265216789,4.396490847,0.073127073,-0.063150714,6.402527993
2018/10/23,0.347524956,0.155581252,4.405211429,4.882445573,3.84344492,0.018603498,-0.016237762,5.964064725
2018/10/24,0.388539103,0.103121555,4.50079717,4.963786079,3.558084027,-0.011832805,0.145585914,5.748957896
2018/10/25,0.384479942,0.109749582,4.659519955,4.868306232,3.359799098,-0.064727854,-0.065966177,5.755331486
2018/10/26,0.350002657,0.068363434,4.322189768,4.810854499,3.209015903,-0.104065415,0.016456166,5.644475708
2018/10/29,0.317356504,-0.031768156,3.89066173,5.096334056,3.10453532,-0.032017783,-0.036463501,5.856498168
2018/10/30,0.310894821,-0.014080365,3.915259385,4.529319749,2.992615069,-0.013338016,0.088163781,5.795301381
2018/10/31,0.347357901,-0.028961002,3.833715454,4.772575065,3.237870169,-0.07404611,0.213974482,5.411128757
2018/11/1,0.326963108,0.060121595,3.721238732,5.002196898,3.314057838,-0.161074054,0.14780021,5.229378171
2018/11/2,0.291533233,0.088039614,2.69891571,4.869678909,2.154626011,-0.150796459,0.024184475,4.008560864
2018/11/5,0.21799997,0.07080772,2.509254832,5.285173891,1.886853515,-0.132702361,-0.008576924,3.890450465
2018/11/6,0.243813187,0.197866082,2.479295506,5.41388966,1.879327697,-0.121325563,0.065031992,3.907984792
2018/11/7,0.338408856,0.264942423,2.364919013,5.219480094,1.903207568,-0.094871986,0.241878082,3.630358554
2018/11/8,0.243551061,0.205058191,1.807678897,5.825982953,1.850433171,-0.105145056,-0.08076329,3.674049781
2018/11/9,0.228302822,0.205863036,1.853905595,5.746679264,1.836065362,-0.122526204,-0.04315508,3.685272376
2018/11/12,0.275240931,0.27096375,1.826967676,5.708759249,1.8867627,-0.15808316,0.159355339,3.758862937
2018/11/13,0.257721497,0.283336053,1.799556494,5.702884941,1.936652704,-0.204428682,-0.150769692,3.936202667
2018/11/14,0.242566348,0.292634882,1.715436657,5.664475224,2.203813964,-0.348648093,0.004177231,3.889842488
2018/11/15,0.237167274,0.266140677,1.346341493,3.925066253,1.226642852,-0.218865173,0.117419259,2.780859741
2018/11/16,0.203243897,0.231216366,1.091723657,3.912601203,0.94091615,-0.119984228,0.100107658,2.721895836
2018/11/19,0.147729846,0.147968372,1.355337701,3.996311864,0.94604586,-0.124161479,-0.012650149,2.713291561
2018/11/20,0.207440405,0.020074284,1.731638148,3.660839017,0.959857119,-0.107261885,0.070014311,2.645805225
2018/11/21,0.161799537,-0.02780685,1.801589837,3.40803294,0.918153761,-0.052471883,0.240898838,2.454344839
2018/11/22,0.106141083,-0.029475735,1.140799802,3.310460461,1.319334096,-0.080945218,0.045561722,2.710816989
2018/11/23,0.097589817,-0.037474646,0.970972069,3.533454106,1.238242382,-0.047965199,0.043879212,2.709442344
2018/11/26,0.111027819,-0.000295895,0.93801209,3.36811551,1.204597558,-0.043258878,0.051234237,2.574840888
2018/11/27,0.017950298,0.045469335,0.90589787,2.803844485,1.148369884,-0.105685107,-0.013719555,2.592947562
2018/11/28,0.021329464,0.049064135,0.940301778,2.843666867,1.159120762,-0.093119067,0.062381547,2.594562631
2018/11/29,0.089987842,0.014890779,0.345577231,2.454356689,1.098324887,0.025861358,0.317764303,2.252775391
2018/11/30,0.100391531,0.012884786,0.384226761,2.587205585,1.101670141,0.02574693,0.038460336,2.184274658
2018/12/3,0.092879152,-0.083506826,0.406165843,2.608735634,1.1133444,-0.014834639,0.157331398,2.027161653
2018/12/4,0.023673953,-0.098013448,0.521933064,2.518674992,1.132218123,0.04615597,0.030041579,2.034224536
2018/12/5,0.040954795,-0.025815439,0.464893989,2.305437477,1.316234916,0.082259026,0.103994524,2.081204209
2018/12/6,0.039592507,-0.002409094,0.535738723,2.212973184,1.444487922,0.081637785,0.038208023,2.074150901
2018/12/7,0.141879337,0.117914451,0.267472497,1.922295626,1.419533807,0.120097946,0.170610661,1.845161938
2018/12/10,0.137997393,0.042065196,0.280171426,1.910903881,1.451663438,0.095475859,0.043191059,1.797230248
2018/12/11,0.142788019,0.057710467,0.302503784,1.951057606,1.583383269,0.060915855,0.060419368,1.837148795
2018/12/12,0.116457146,0.12162117,0.356806995,1.931664256,1.592085545,-0.001752875,-0.013021017,1.859929054
2018/12/13,0.138675047,0.192912061,0.364764768,2.013867856,1.636334154,-0.087029104,0.047624917,1.897784249
2018/12/14,0.127089371,0.165224843,0.338058548,2.019759344,1.717345605,-0.082623848,0.053900003,1.915914487
2018/12/17,0.145316263,0.201016707,0.459146695,1.847534024,1.751681301,-0.121268931,-0.008628369,1.999729734
2018/12/18,0.182371148,0.228975827,0.926255372,3.758607072,3.69433875,-0.1470798,-0.014101414,3.179224112
2018/12/19,0.14397289,0.201461964,1.351118416,4.346841435,4.292147181,-0.123367848,0.056624047,3.687350904
2018/12/20,0.130669842,0.157645499,1.297946761,3.497954239,3.059493549,-0.133185016,0.094828627,2.451819304
2018/12/21,0.284089023,0.404228284,1.084399849,2.587752522,2.730817536,-0.070234895,0.285955592,2.118305575
2018/12/24,0.316575954,0.323715537,5.955193435,0.566441765,0.400269276,-0.07552739,0.196684694,3.220294749
2018/12/25,0.324027721,0.310884334,5.052844711,0.077961103,0.096765196,-0.049149478,0.081649022,1.823497058
2018/12/26,0.352291257,0.196477949,5.325397958,0.041929571,0.201160832,-0.177670742,-0.034790837,1.363340421
2018/12/27,0.249226408,0.086067568,3.783728232,0.058800041,0.114057919,-0.154956846,0.030412299,1.603011166
2018/12/28,0.263172413,0.112166772,3.458681305,0.068784229,0.236819375,-0.161733615,0.107035162,2.614709213
2019/1/2,0.294542952,0.158647524,3.81936639,0.080596789,0.336292296,-0.174629188,-0.059963488,2.271219968
2019/1/3,0.194997308,0.082824655,2.15935389,0.037792976,0.459073973,-0.244780177,-0.129735371,1.290375258
2019/1/4,0.180302505,-0.193669642,1.857084905,0.118539187,0.538792625,-0.324629843,-0.056155964,0.902298046
2019/1/7,0.183779023,-0.181432837,1.833792529,0.144679292,0.598114366,-0.33735278,0.024538348,0.948391622
2019/1/8,0.066753308,-0.139582304,1.652571993,0.12006459,1.022698314,-0.233779916,-0.049807363,1.053487301
2019/1/9,0.104067935,-0.098552702,1.738873564,0.245580421,0.819529286,-0.210441791,0.089315868,1.293013983
2019/1/10,-0.023123348,-0.161854556,1.008739154,0.256118761,0.747481309,-0.186533517,-0.242487366,0.102281472
2019/1/11,0.0787339,-0.103967726,2.004851843,0.124464573,1.078477369,-0.188514612,0.11259326,0.087848108
2019/1/14,0.126364389,0.023213407,2.1037345,0.061336712,2.189206273,-0.283442868,-0.014483215,0.060042137
2019/1/15,0.133876271,0.041016978,2.30447042,0.056456404,2.795496092,-0.251603805,0.06269771,0.324468136
2019/1/16,0.082180313,0.06511689,2.162985748,0.099708367,3.310963869,-0.310560592,-0.042745305,0.386475804
2019/1/17,0.172519651,-0.000424314,1.698397363,0.803952079,3.278153463,-0.225602945,0.207164176,0.473319694
2019/1/18,0.170165186,-0.001950805,1.763439875,0.808685639,3.79516899,-0.306515561,0.278446857,0.472148124
2019/1/21,0.308069271,-0.055909293,2.135620393,1.09284923,4.200801926,-0.340983705,0.141125399,1.273915649
2019/1/22,0.327460259,0.171746424,2.124021653,0.784563666,3.798659653,-0.275827706,0.285670062,2.088737796
2019/1/23,0.357729289,0.183883902,1.985434625,0.935601655,3.861846486,-0.279898619,0.182279618,3.193430016
2019/1/24,0.348479018,0.166080221,2.088081813,1.295577795,3.144192217,-0.32359047,0.19963922,5.746497715
2019/1/25,0.371915749,0.276292405,2.836316742,0.668248223,6.197114059,-0.257690478,-0.098746489,4.981556784
2019/1/28,0.360026568,0.303986467,2.899946559,0.336888485,6.914208211,-0.344794402,-0.159490291,3.313053034
2019/1/29,0.330975915,0.278470292,2.696637803,0.227607351,6.843797206,-0.301353872,0.074179975,3.778626541
2019/1/30,0.329416728,0.310720859,2.143942804,0.464685045,7.015334667,-0.325246888,0.199930336,3.722088314
2019/1/31,0.301503636,0.199282547,2.360830478,0.374972397,6.935078113,-0.283556344,-0.041848546,3.185154271
2019/2/1,0.330480538,0.212611926,2.890147604,0.33929914,6.711282001,-0.140258255,0.005193295,3.344613218
2019/2/11,0.356308174,0.138294461,3.239125516,0.294743008,6.657516,-0.07791182,0.13990523,3.68171747
2019/2/12,0.319774431,0.11429263,3.033097677,0.290104396,6.542107348,-0.088455222,0.092558357,3.840823009
2019/2/13,0.30866026,0.291225261,4.046287381,0.339140053,5.562958308,-0.038625888,-0.025928028,3.470603395
2019/2/14,0.325320495,0.269476812,4.393398227,0.334855819,5.77975567,-0.09619771,-0.009300622,3.331647675
2019/2/15,0.325114488,0.232146156,4.346938534,0.188067712,6.275190671,-0.138771829,0.116943546,3.147280195
2019/2/18,0.363173202,0.320296286,4.735100141,0.350536583,6.590091705,-0.18002019,0.031733482,3.794745438
2019/2/19,0.268303465,0.169977725,3.348489109,1.281636901,8.116230974,-0.175233636,0.015540922,4.589710339
2019/2/20,0.261104067,0.195830072,5.117857564,0.055724603,8.472630923,-0.216400796,0.019372991,5.013965612
2019/2/21,0.359989041,0.238862566,5.593896926,0.237309214,3.88978724,0.116658357,0.429561576,5.176500524
2019/2/22,0.351335006,0.315197416,4.988019549,0.411009439,3.994415479,0.118933702,0.106087798,2.409033389
2019/2/25,0.338633978,0.357876099,4.916681746,0.655097623,4.216579085,0.072782445,0.136555458,2.579141099
2019/2/26,0.340826092,0.323057764,5.078430224,0.737378917,4.491348556,0.089242187,0.134045117,2.753527474
2019/2/27,0.350376272,0.274475074,5.847246435,0.613370243,5.095011084,-0.0684116,0.097286821,2.864835507
2019/2/28,0.356875858,0.252225321,5.634326265,0.730487163,4.354997171,-0.114626986,0.088508964,2.775215509
2019/3/1,0.460141175,0.437405423,6.398517233,1.56380729,4.118023565,-0.044517519,0.431458576,3.055211286
2019/3/4,0.430986013,0.370329848,6.159627344,1.860846279,4.126012649,-0.083902104,0.104597372,2.909963934
2019/3/5,0.419888988,0.353571173,6.167074027,1.989284527,4.10321911,-0.074980733,0.057966905,2.727087315
2019/3/6,0.404386323,0.331893378,6.014607491,1.730651911,3.989484768,-0.072948779,0.080208518,2.553919616
2019/3/7,0.447858738,0.40992091,7.02655217,2.42073094,2.943401382,0.112304309,0.281101237,2.758384187
2019/3/8,0.363928781,0.429585165,6.74492204,2.947208565,2.819705122,0.024195147,-0.221702324,2.089463941
2019/3/11,0.361587689,0.353710771,5.880202786,1.492027286,2.852636182,-0.025658733,0.085277878,1.47950102
2019/3/12,0.360479074,0.364765651,5.362686413,1.785973564,2.726631268,-0.150676765,0.215219508,0.969982803
2019/3/13,0.36172841,0.40380694,4.728160747,1.626448175,3.000944734,-0.268840986,0.096967111,0.776653957
2019/3/14,0.327963406,0.404440666,3.527760509,2.229286003,3.05493255,-0.392296934,0.108918597,0.801942296
2019/3/15,0.407656757,0.347307458,3.515386521,1.326708952,3.24813871,-0.378081684,0.216432177,0.724353126
2019/3/18,0.409727222,0.349648534,2.472001472,0.868662211,2.603432074,-0.342592155,0.19668559,0.680323067
2019/3/19,0.435611498,0.396383787,1.596370431,0.522165818,1.934837242,-0.335048656,0.218405472,0.673711359
2019/3/20,0.454764561,0.431226845,0.966684872,0.270325409,1.858310744,-0.238696635,0.294882065,0.406302124
2019/3/21,0.345399894,0.27764923,0.648042853,0.369866573,2.187183837,-0.269751154,-0.083061929,0.673867084
2019/3/22,0.350408941,0.25296051,0.644715823,0.460115461,1.827806247,-0.306799442,-0.009593637,0.765413622
2019/3/25,0.321075977,0.035360069,0.512975791,0.808483899,2.159678391,-0.34186777,-0.197895025,0.948669477
2019/3/26,0.329129573,0.075436992,0.455837915,0.91779123,2.141111723,-0.303605959,0.141202952,0.984288961
2019/3/27,0.388010087,0.047883552,0.767525946,0.915641565,2.17738713,-0.289623656,0.095659397,0.917219716
2019/3/28,0.370727116,0.096441919,0.092072724,1.896061104,1.763423553,-0.269959425,0.138191618,1.421791697
2019/3/29,0.433504384,0.047895033,0.127591235,2.037452601,1.843517166,-0.366593552,0.190336713,1.590916105
2019/4/1,0.451604942,0.145343232,0.183886873,2.670906971,2.025647491,-0.380311434,0.211919588,1.181161019
2019/4/2,0.411239569,0.153441019,0.628451426,3.104932151,2.7581933,-0.394202527,0.185375419,2.0786486
2019/4/3,0.243458072,-0.137762525,1.199997572,6.097337231,1.139539376,-0.245567536,-0.188652664,2.480412498
2019/4/4,0.197949596,-0.132510117,0.726744357,5.860175879,1.519429676,-0.233366695,0.029109591,1.235145364
2019/4/8,0.198910265,-0.084231423,0.797918315,5.635296609,1.192784757,-0.208431911,0.075816072,1.161828732
2019/4/9,0.240276837,-0.017566075,0.865612078,6.005463389,1.554190406,-0.095220976,0.082952545,1.138889557
2019/4/10,0.29484463,0.030049424,0.87051697,5.919592212,1.605171533,-0.08434108,0.30358977,1.179004689
2019/4/11,0.292623701,0.064076211,0.748968203,5.774943218,1.754841051,-0.066902246,0.076211151,1.02930144
2019/4/12,0.252048717,0.088385434,0.724714121,4.382375775,2.424359941,-0.097976379,-0.023451123,0.998234424
2019/4/15,0.288646279,0.146729009,0.621437159,4.445343037,2.192851503,-0.065235429,0.043385464,0.693422774
2019/4/16,0.310599764,0.2470355,0.52268006,4.648356912,2.242316497,0.034955976,0.229447545,0.773200817
2019/4/17,0.311287154,0.285813354,0.51600665,5.172634985,2.547645083,0.07398388,0.154990596,0.83077289
2019/4/18,0.358664857,0.386032094,0.424324171,4.285354031,1.658101092,0.378547777,0.261538954,0.801962445
2019/4/19,0.31270123,0.40988728,0.512485274,3.986993376,1.680903696,0.352372793,0.000710586,0.841193145
2019/4/22,0.360947676,0.435693937,0.483121198,3.810309825,1.445323395,0.38185049,0.289585323,0.797102241
2019/4/23,0.376454311,0.431225824,0.437017467,3.922014656,1.633142821,0.382040669,0.190748729,0.801757347
2019/4/24,0.360267244,0.396453689,0.338160961,4.014316907,1.675977662,0.346425787,0.066115059,0.53845224
2019/4/25,0.352787432,0.358829083,0.396718757,3.369143321,1.672989514,0.31680083,0.041825494,0.339073227
2019/4/26,0.284773247,0.332670142,0.516132624,2.316896311,2.0826751,0.224056047,-0.000572386,0.368888777
2019/4/29,0.285157486,0.308677742,0.42469149,2.509900568,2.040896309,0.217773737,0.078243436,0.262260909
2019/4/30,0.392000815,0.401256911,0.618025249,1.362784176,1.243494341,0.369775422,0.272954583,0.210976586
2019/5/6,0.417822285,0.395394839,0.804821498,1.266265278,1.520547132,0.281259499,0.131967926,0.217481721
2019/5/7,0.416035827,0.33948319,0.499542124,1.228745561,2.268538085,0.244334857,0.207490792,1.035017025
2019/5/8,0.394910481,0.303937919,0.734212311,1.195936091,2.511382884,0.213432857,0.085954439,0.971512553
2019/5/9,0.403783083,0.326340632,0.661546416,1.22505507,2.395531811,0.176881812,0.204103162,1.092044431
2019/5/10,0.334803188,0.292515089,0.776526336,1.30556411,2.503925843,0.191182497,0.032026733,0.823532786
2019/5/13,0.324557642,0.270758153,0.790830445,1.246278618,2.582498423,0.181922921,0.099629255,0.805797503
2019/5/14,0.321491332,0.291667634,1.731649587,0.798653768,2.788392128,0.175143261,-0.195658325,0.86017806
2019/5/15,0.282179034,0.255749887,0.643142146,1.670489197,2.751822498,0.122450298,-0.006316923,2.438999152
2019/5/16,0.287795482,0.246311375,0.638343774,1.902838369,2.393146964,0.098258082,0.102154805,2.529599994
2019/5/17,0.195361612,0.210385285,0.524424079,1.584088828,2.710305661,0.036672836,0.029032425,2.635528056
2019/5/20,0.080103096,0.190368917,0.409825052,1.751272656,2.59285842,0.020894052,-0.284534297,3.31459111
2019/5/21,0.067342519,0.13823739,0.411987462,1.886763455,3.337832881,-0.044720172,-0.050614055,3.879269712
2019/5/22,0.140790367,0.136307446,0.208942967,1.966821676,2.763380921,-0.097647856,0.15005192,3.257419582
2019/5/23,0.147730044,0.126503732,0.198878218,2.652968028,2.590989946,-0.088105619,0.064493908,3.521899148
2019/5/24,0.157086344,0.134690243,0.221368969,2.690774837,2.28153639,-0.081085611,0.068653072,3.120778697
2019/5/27,0.19621361,0.165599705,0.29528134,2.439864737,1.685122769,-0.068826441,0.137647124,3.010604525
2019/5/28,0.208128924,0.318783259,0.605908201,2.116489619,0.366692272,-0.033151972,0.296489243,2.327228497
2019/5/29,0.173254943,0.357621972,0.471011797,2.406140249,0.079249215,0.164421068,0.245776868,2.254816185
2019/5/30,0.218353543,0.339314774,0.406895382,2.391771394,0.048149084,0.183970932,0.125303835,2.323279029
2019/5/31,0.091600499,0.21307759,0.428973138,2.449186402,0.226703075,0.081412986,-0.155742333,3.154006341
2019/6/3,0.101734945,0.181835577,0.277358796,2.858046499,0.199284053,0.069393926,0.063009984,3.889200493
2019/6/4,0.14319762,0.160851455,0.318447687,3.331150982,0.113294137,0.026684271,0.112473843,2.46346856
2019/6/5,0.130725903,0.094194726,0.486998511,3.605644177,0.056548274,-0.022271885,-0.026622287,2.351645142
2019/6/6,0.063555346,0.094361861,0.861660118,4.251572513,0.365881176,0.046182263,-0.011334017,1.563995379
2019/6/10,0.072632719,0.105881817,0.833569928,4.398386366,0.407027493,0.041805941,0.046912467,1.462673724
2019/6/11,0.062351323,0.070134964,0.595948535,4.877010727,0.688390829,0.03657841,0.016026651,1.251105498
2019/6/12,0.115044584,0.147675857,1.103265505,5.133049317,0.652284135,0.103129578,0.217083156,1.172346286
2019/6/13,0.126894866,0.178450863,1.136136963,5.97087813,2.140056324,0.096340949,0.076347409,1.051636949
2019/6/14,0.195843984,0.273481715,0.842991604,6.512393815,3.833775579,0.250210494,0.265914969,0.869457213
2019/6/17,0.207445573,0.211965368,0.747740391,7.203016162,6.891841652,0.226636816,0.094823963,0.460314692
2019/6/18,0.206972458,0.194215107,0.9482307,8.295471389,3.765892867,0.198167697,0.08001014,0.437934007
2019/6/19,0.224941994,0.187678059,1.325118656,10.04258382,3.900880085,0.216136462,0.075523507,0.359073819
2019/6/20,0.083549296,0.142655419,0.904379688,9.73055985,2.991342913,0.030857459,0.052847404,0.1793224
2019/6/21,0.025430805,0.105737019,0.515515973,8.953614387,2.957211879,0.017353597,0.01355547,0.255033561
2019/6/24,0.058319377,0.117055226,0.45495397,9.608545819,3.676052081,0.031306609,0.110032612,0.354464659
2019/6/25,0.062803953,0.159217834,0.490220807,9.158495053,3.535207829,0.057691355,0.122315535,0.397113515
2019/6/26,0.111872847,0.148379292,1.006200836,8.927684934,4.323617129,0.084453363,0.059860381,0.653537249
2019/6/27,-0.021346629,0.16501169,0.391598033,10.08434826,2.802803843,-0.239647209,-0.20996903,0.961436325
2019/6/28,-0.016409086,0.04861379,0.580496018,8.103157517,1.648721084,-0.277451515,-0.295572083,1.350029011
2019/7/1,-0.064976921,-0.037146103,0.34389329,6.573696064,1.542100842,-0.272902976,-0.069902352,1.374747221
2019/7/2,0.01774116,-0.061698067,0.568807585,4.201715964,0.415896206,-0.258204173,0.124656834,0.599335971
2019/7/3,0.023489968,-0.017836437,0.993527463,4.11090978,0.454894474,-0.271251905,-0.054265105,0.450265826
2019/7/4,-0.010772477,-0.078568367,0.543331065,1.999527794,0.411776327,-0.314259526,-0.055243774,1.184559008
2019/7/5,-0.049229653,-0.130237503,1.531362126,2.343552669,1.075959523,-0.302683083,-0.081422195,1.984740287
2019/7/8,-0.030218756,-0.096880297,1.220897451,2.869079524,0.2259829,-0.275400322,0.058140506,1.972445641
2019/7/9,-0.026468592,-0.079984867,1.41778853,2.996139338,0.171325731,-0.310287153,-0.116952712,2.002965193
2019/7/10,0.017937302,-0.020017566,1.824311024,3.162608548,0.463204808,-0.278397564,0.103027149,2.429952588
2019/7/11,0.016487773,0.000317902,1.397166393,3.374302341,0.51149642,-0.249444386,0.024688107,2.051868693
2019/7/12,-0.132239602,0.022949616,2.406423107,2.707783448,0.927454887,-0.317605405,-0.225475764,2.840924398
2019/7/15,-0.104906919,0.057574668,1.927978634,2.431667848,0.865493304,-0.297246878,0.02075702,2.550471899
2019/7/16,-0.113070123,-0.108477731,1.924088228,2.164526068,0.77098237,-0.280893275,-0.10923572,2.321387476
2019/7/17,-0.082382431,-0.105702852,1.762899658,1.820550375,0.529074774,-0.155679239,0.020661284,2.325520653
2019/7/18,-0.080357183,-0.122292735,1.751796009,1.899577472,0.42213202,-0.151787434,-0.055491436,2.13356173
2019/7/19,-0.000432498,-0.024699666,1.579935134,2.215583801,0.91618267,-0.041132663,0.094845898,2.063576819
2019/7/22,0.019493301,-0.000735196,1.154678241,1.318516098,0.189313065,-0.03766852,0.059963363,0.930824296
2019/7/23,0.038190063,0.028002559,0.983682659,0.704921353,0.269041801,-0.030113028,0.06425092,1.244136602
2019/7/24,0.058337351,0.054915836,1.209380295,0.9050668,0.446295772,-0.020451203,0.065032666,1.388550311
2019/7/25,0.12600361,0.180657319,1.269202079,1.410853871,0.512338431,-0.040201331,0.237957434,1.453476086
2019/7/26,0.116119595,0.165507348,1.73488528,1.254129295,0.418869944,-0.030717787,0.029716907,1.491740546
2019/7/29,0.169817198,0.367390311,1.985624642,1.474369708,0.29051585,-0.023753679,0.260985283,1.395353416
2019/7/30,0.290054425,0.360205,1.637569011,1.650223599,0.629537238,-0.18546449,0.239236942,1.088824675
2019/7/31,0.319324747,0.335951438,1.22322914,2.993166781,0.05086343,0.125441054,0.334355492,0.357638011
2019/8/1,0.301889666,0.307487465,0.166691858,0.848722586,0.871132999,0.111186083,0.057304192,0.876491324
2019/8/2,0.294299713,0.286790144,0.145368871,0.474514103,0.557517795,0.101580934,0.064320296,0.511171046
2019/8/5,0.262563286,0.238854206,0.422928002,0.807833205,0.635698346,0.090915493,0.097873471,0.563820906
2019/8/6,0.269567842,0.224872867,0.134951712,0.449804327,0.342140648,0.083211335,0.117302097,0.471520171
2019/8/7,0.272015662,0.236423813,0.359718461,0.660101976,0.274946142,0.06227038,0.090181841,0.562789525
2019/8/8,0.266325459,0.223844809,0.220098792,0.690477355,0.310683131,0.053886982,0.063164642,0.65052193
2019/8/9,0.26564657,0.2285516,0.257198123,0.884490747,0.352348809,0.03978742,0.097405439,0.788093755
2019/8/12,0.263831719,0.151750989,0.229628762,0.794680945,0.421056854,-0.084161698,0.235570911,0.92761912
2019/8/13,0.204575239,0.135416792,0.094268209,1.138626995,0.496890716,-0.095567198,0.039661209,0.712797055
2019/8/14,0.20251379,0.132485306,0.166424471,0.769606894,0.520042829,-0.089763285,0.060243623,0.673580987
2019/8/15,0.206740207,0.171086444,0.400870824,0.828831254,0.575538933,-0.126837957,0.035162456,0.833739807
2019/8/16,0.196970107,0.202232092,0.373839528,0.867952125,0.646693848,-0.091442536,0.06524646,0.895171934
2019/8/19,0.184904641,0.16439463,0.37420013,0.861618338,0.710646007,-0.070515675,-0.002057243,0.953109085
2019/8/20,0.176662909,0.144304192,0.364785433,0.881375727,0.708311704,-0.073192365,0.010933731,0.948707449
2019/8/21,0.225999232,0.177913468,0.403884201,0.832863322,0.949449012,-0.133399517,0.188195192,0.930796119
2019/8/22,0.214105685,0.091121178,0.445684865,0.801374924,0.918159043,-0.166705894,-0.155822226,0.749202072
2019/8/23,0.238484741,0.13397377,0.468353718,0.824245505,1.608341029,-0.187536052,0.092307543,0.65276419
2019/8/26,0.13840999,0.020613109,0.244497843,0.56003818,1.686112958,-0.184780536,-0.02197944,0.539567872
2019/8/27,0.107561658,-0.049777671,0.20015436,0.555740057,1.731668253,-0.154672748,0.051362511,0.562628452
2019/8/28,0.104445557,-0.012623336,0.368743585,0.740732583,1.637245641,-0.173235428,0.285138757,0.675252104
2019/8/29,0.084612167,0.008680199,0.389096525,0.782925069,1.303483629,-0.118263639,0.002529336,0.868401863
2019/8/30,0.073367754,-0.006242616,0.257737615,0.784550831,1.511305118,-0.049239547,0.111996601,0.952866837
2019/9/2,0.08699729,0.126232066,0.274426558,0.865641663,1.626689547,-0.052492428,-0.090096602,0.910586791
2019/9/3,0.045713837,0.101304352,0.245033584,0.79298964,1.127997448,0.009689011,-0.014669105,0.629774359
2019/9/4,0.055621519,0.106932112,0.403506956,0.793392793,1.231480569,-0.035777896,0.087376306,0.833010365
2019/9/5,0.012890667,0.113443614,0.336480444,0.994453658,1.318044236,-0.147070842,0.044006401,0.834562972
2019/9/6,-0.038518114,-0.108264759,0.878064341,1.172937331,2.02951879,-0.279815203,0.027341878,1.456162771
2019/9/9,-0.015922313,-0.07803295,0.287913539,0.785247656,1.790532717,-0.254585531,0.028429129,0.79520285
2019/9/10,0.018106738,-0.011080625,0.459897024,0.679887362,2.06010499,-0.274608171,0.111933656,0.9591019
2019/9/11,0.058828215,0.058514069,0.545092874,0.842180242,2.023086232,-0.233854381,0.155445711,1.012621812
2019/9/12,0.17843721,0.188735286,0.688605269,1.045627315,2.187849601,-0.112065895,0.036392468,1.137082275
2019/9/16,0.171808354,0.175982994,0.588833638,1.069602041,2.04224483,-0.098747923,-0.090034872,0.799761644
2019/9/17,0.106854511,0.131237574,0.724073389,1.209669673,2.026160091,-0.148772146,-0.071896387,1.171844495
2019/9/18,0.125651171,0.346541755,1.007909061,1.636204602,2.385343515,-0.287510563,-0.076289285,1.627641414
2019/9/19,0.13431894,0.397459952,0.790755226,1.187266879,2.712778417,-0.197765034,0.079514701,1.757686752
2019/9/20,0.131030429,0.360588331,0.98776431,1.014098111,2.452980201,-0.176922886,0.074046579,2.071677103
2019/9/23,0.173498604,0.343549448,1.038256047,1.056149913,2.815873858,-0.22129929,0.032939571,2.185990829
2019/9/24,0.193776932,0.323677322,1.370705463,1.354150529,2.521494262,-0.190820294,0.077779003,1.843269178
2019/9/25,0.214243898,0.331954575,1.558000472,1.501682319,2.227222803,-0.149870417,-0.139612113,1.52059096
2019/9/26,0.21153871,0.291950119,1.826301469,1.805814865,2.799383262,-0.121888122,0.060577822,2.056548868
2019/9/27,0.173289487,0.232658964,1.231358665,1.398783907,2.538940882,-0.115353807,0.0382667,1.70659769
